question_id,question,difficulty,question_type,intent,comparison_method,model,model_name,generated_aql,gold_aql,generation_time,generation_error,validation_valid,validation_errors,validation_warnings,privacy_allowed,sensitive_fields,executed,execution_error,gold_executed,gold_execution_error,gold_result_count,generated_result_count,functional_correct,error_category
Q001,Give me all the moroccan restaurants in Texas,medium,graph_filter,,,Mistral,mistral:latest,"FOR b IN Businesses
    LET categories = (
        FOR c IN 1..1 OUTBOUND b BusinessCategory
            RETURN c.category_name
    )
    FILTER ""Moroccan"" IN categories
    FILTER ""Restaurants"" IN categories
    FILTER b.state == ""Texas""
    RETURN b","
FOR b IN Businesses
    FILTER b.state == ""Texas""

    FOR c IN 1..1 OUTBOUND b BusinessCategory
        FILTER c.category_name == ""Moroccan""

        RETURN DISTINCT {
            business_id: b.business_id,
            name: b.name,
            city: b.city,
            state: b.state,
            rating: b.rating
        }
",8.247130870819092,,True,,No LIMIT detected. A LIMIT is recommended for queries that may return many documents.,True,,True,,True,,0.0,0.0,True,correct
Q002,List all the Italian restaurants in Los Angeles,medium,graph_filter,,,Mistral,mistral:latest,"FOR b IN Businesses
    FILTER b.city == ""Los Angeles""

    LET categories = (
        FOR c IN 1..1 OUTBOUND b BusinessCategory
            RETURN c.category_name
    )

    FILTER ""Italian"" IN categories
    FILTER ""Restaurants"" IN categories

    RETURN b","
FOR b IN Businesses
    FILTER b.city == ""Los Angeles""

    FOR c IN 1..1 OUTBOUND b BusinessCategory
        FILTER c.category_name == ""Italian""

        RETURN DISTINCT {
            business_id: b.business_id,
            name: b.name,
            city: b.city,
            rating: b.rating
        }
",14.496273517608644,,True,,No LIMIT detected. A LIMIT is recommended for queries that may return many documents.,True,,True,,True,,0.0,0.0,True,correct
Q003,find the number of preschools in Madison,medium,graph_count,,,Mistral,mistral:latest,"LET preschools = (
    FOR b IN Businesses
        FILTER b.city == ""Madison""

        LET categories = (
            FOR c IN 1..1 OUTBOUND b BusinessCategory
                RETURN c.category_name
        )

        FILTER ""Preschool"" IN categories

        RETURN DISTINCT b._id
)

RETURN LENGTH(preschools)","
LET preschools = (
    FOR b IN Businesses
        FILTER b.city == ""Madison""

        FOR c IN 1..1 OUTBOUND b BusinessCategory
            FILTER c.category_name == ""Preschools""

            RETURN DISTINCT b._id
)

RETURN LENGTH(preschools)
",3.9142699241638175,,True,,,True,,True,,True,,1.0,1.0,False,semantic_result_mismatch
Q004,List all the restaurants rated more than 3.5,medium,graph_filter,,,Mistral,mistral:latest,"FOR b IN Businesses
FILTER b.rating > 3.5
RETURN b","
FOR b IN Businesses
    FILTER b.rating > 3.5

    FOR c IN 1..1 OUTBOUND b BusinessCategory
        FILTER c.category_name == ""Restaurants""

        RETURN DISTINCT {
            business_id: b.business_id,
            name: b.name,
            city: b.city,
            rating: b.rating
        }
",1.7939469814300537,,True,,No LIMIT detected. A LIMIT is recommended for queries that may return many documents.,True,,True,,True,,10605.0,44066.0,False,semantic_result_mismatch
Q005,List all the businesses with more than 4.5 stars,simple,document_filter,,,Mistral,mistral:latest,"FOR b IN Businesses
FILTER b.rating > 4.5
RETURN {
    business_id: b.business_id,
    name: b.name,
    city: b.city,
    state: b.state,
    rating: b.rating
}","
FOR b IN Businesses
    FILTER b.rating > 4.5

    RETURN {
        business_id: b.business_id,
        name: b.name,
        city: b.city,
        state: b.state,
        rating: b.rating
    }
",2.85848331451416,,True,,No LIMIT detected. A LIMIT is recommended for queries that may return many documents.,True,,True,,True,,12964.0,12964.0,True,correct
Q006,find the number of restaurants rated more than 3.5,medium,graph_count,,,Mistral,mistral:latest,"LET restaurants = (
    FOR b IN Businesses
        FILTER b.rating > 3.5
        FILTER b.is_open == true

        FOR c IN 1..1 OUTBOUND b BusinessCategory
            FILTER c.category_name == ""Restaurants""
            RETURN DISTINCT b._id
)

RETURN LENGTH(restaurants)","
LET restaurants = (
    FOR b IN Businesses
        FILTER b.rating > 3.5

        FOR c IN 1..1 OUTBOUND b BusinessCategory
            FILTER c.category_name == ""Restaurants""

            RETURN DISTINCT b._id
)

RETURN LENGTH(restaurants)
",3.7851154804229736,,True,,,True,,True,,True,,1.0,1.0,False,semantic_result_mismatch
Q007,Which Thai restaurant has the most number of reviews,medium,graph_sort_limit,,,Mistral,mistral:latest,"FOR b IN Businesses
    FILTER b.city IS NOT NULL
    LET categories = (
        FOR c IN 1..1 OUTBOUND b BusinessCategory
            RETURN c.category_name
    )
    FILTER ""Thai"" IN categories
    FILTER ""Restaurants"" IN categories
    SORT b.review_count DESC
    LIMIT 1
    RETURN {
        business_id: b.business_id,
        name: b.name,
        rating: b.rating,
        review_count: b.review_count
    }","
FOR b IN Businesses

    FOR c IN 1..1 OUTBOUND b BusinessCategory
        FILTER c.category_name == ""Thai""

        SORT b.review_count DESC
        LIMIT 1

        RETURN {
            business_id: b.business_id,
            name: b.name,
            city: b.city,
            review_count: b.review_count,
            rating: b.rating
        }
",4.970558881759644,,True,,,True,,False,"[HTTP 400][ERR 1501] syntax error, unexpected identifier near 'IS NOT NULL
    LET categories =...' at position 2:19",True,,1.0,,False,execution_error
Q008,find all cities which has a “Taj Mahal” restaurant,simple,document_filter,,,Mistral,mistral:latest,"FOR b IN Businesses
    FILTER b.name == ""Taj Mahal""
        AND EXISTS (
            FOR c IN 1..1 OUTBOUND b BusinessCategory
                FILTER c.category_name == ""Restaurants""
                RETURN 1
        )
    RETURN DISTINCT b.city","
FOR b IN Businesses
    FILTER b.name == ""Taj Mahal""

    RETURN DISTINCT b.city
",3.195516347885132,,True,,No LIMIT detected. A LIMIT is recommended for queries that may return many documents.,True,,False,[HTTP 501][ERR 9] AQL: not implemented: ArangoSearch function 'EXISTS' is designed to be used only within a corresponding SEARCH statement of ArangoSearch view. Please ensure function signature is correct. (exception location: arangod/IResearch/IResearchFeature.cpp:181) [node #12: CalculationNode] (exception location: arangod/Aql/ExecutionBlockImpl.tpp:585) [node #13: FilterNode] (exception location: arangod/Aql/ExecutionBlockImpl.tpp:2669) [node #13: FilterNode] (exception location: arangod/Aql/ExecutionBlockImpl.tpp:585) [node #15: CollectNode] (exception location: arangod/Aql/ExecutionBlockImpl.tpp:585) [node #16: ReturnNode] (exception location: arangod/Aql/ExecutionBlockImpl.tpp:585) (while executing) (exception location: arangod/RestHandler/RestCursorHandler.cpp:381),True,,1.0,,False,execution_error
Q009,find the total checkins in Moroccan restaurants in Los Angeles,advanced,graph_aggregation,,,Mistral,mistral:latest,"FOR b IN Businesses
    FILTER b.city == ""Los Angeles""

    LET categories = (
        FOR c IN 1..1 OUTBOUND b BusinessCategory
            RETURN c.category_name
    )

    FILTER ""Moroccan"" IN categories

    LET checkins = (
        FOR ch IN 1..1 OUTBOUND b BusinessCheckin
            RETURN ch.count
    )

    RETURN SUM(checkins)","
LET values = (
    FOR b IN Businesses
        FILTER b.city == ""Los Angeles""

        LET categories = (
            FOR c IN 1..1 OUTBOUND b BusinessCategory
                RETURN c.category_name
        )

        FILTER ""Moroccan"" IN categories
        FILTER ""Restaurants"" IN categories

        FOR ch IN 1..1 OUTBOUND b BusinessCheckin
            RETURN ch.count
)

RETURN SUM(values)
",4.304125785827637,,True,,,True,,True,,True,,1.0,0.0,False,semantic_result_mismatch
Q010,find the total checkins in Moroccan restaurants in Los Angeles on Fridays,advanced,graph_aggregation,,,Mistral,mistral:latest,"FOR b IN Businesses
    FILTER b.city == ""Los Angeles""

    LET categories = (
        FOR c IN 1..1 OUTBOUND b BusinessCategory
            RETURN c.category_name
    )

    FILTER ""Moroccan"" IN categories
    FILTER ""Restaurants"" IN categories

    LET fridayCheckins = (
        FOR ch IN 1..1 OUTBOUND b BusinessCheckin
            FILTER ch.day == ""Friday""
            RETURN ch.count
    )

    RETURN SUM(fridayCheckins)","
LET values = (
    FOR b IN Businesses
        FILTER b.city == ""Los Angeles""

        LET categories = (
            FOR c IN 1..1 OUTBOUND b BusinessCategory
                RETURN c.category_name
        )

        FILTER ""Moroccan"" IN categories
        FILTER ""Restaurants"" IN categories

        FOR ch IN 1..1 OUTBOUND b BusinessCheckin
            FILTER ch.day == ""Friday""
            RETURN ch.count
)

RETURN SUM(values)
",5.137310266494751,,True,,,True,,True,,True,,1.0,0.0,False,semantic_result_mismatch
Q011,find the total checkins in Moroccan restaurants in Los Angeles per day,advanced,graph_group_aggregation,,,Mistral,mistral:latest,"LET values = (
    FOR b IN Businesses
        FILTER b.city == ""Los Angeles""

        LET categories = (
            FOR c IN 1..1 OUTBOUND b BusinessCategory
                RETURN c.category_name
        )

        FILTER ""Moroccan"" IN categories
        FILTER ""Restaurants"" IN categories

        FOR ch IN 1..1 OUTBOUND b BusinessCheckin
            RETURN ch.day, SUM(ch.count)
)

RETURN MAP(x => x[1], values), MAP(x => x[2], values)","
FOR b IN Businesses
    FILTER b.city == ""Los Angeles""

    LET categories = (
        FOR c IN 1..1 OUTBOUND b BusinessCategory
            RETURN c.category_name
    )

    FILTER ""Moroccan"" IN categories
    FILTER ""Restaurants"" IN categories

    FOR ch IN 1..1 OUTBOUND b BusinessCheckin
        COLLECT day = ch.day
        AGGREGATE total_checkins = SUM(ch.count)

        SORT day

        RETURN {
            day: day,
            total_checkins: total_checkins
        }
",5.374572515487671,,True,,No LIMIT detected. A LIMIT is recommended for queries that may return many documents.,True,,False,"[HTTP 400][ERR 1501] syntax error, unexpected "","", expecting ) near ', SUM(ch.count)
)

RETURN MAP(x ...' at position 14:26",True,,0.0,,False,execution_error
Q012,find the total checkins in Italian delis in each state on Sundays,advanced,graph_group_aggregation,,,Mistral,mistral:latest,"LET states = (
    FOR b IN Businesses
        FILTER b.city == ""Los Angeles""

        LET categories = (
            FOR c IN 1..1 OUTBOUND b BusinessCategory
                RETURN c.category_name
        )

        FILTER ""Italian"" IN categories
        FILTER ""Deli"" IN categories

        RETURN DISTINCT b.state
),

values = (
    FOR b IN Businesses
        FILTER b.state IN states
        FOR ch IN 1..1 OUTBOUND b BusinessCheckin
            FILTER ch.day == ""Sunday""
            RETURN ch.count
);

RETURN COLLECT VALUES values INTO totals BY state
LET totals_per_state = MAP(totals, sum => SUM(filter s IN totals WHERE s.state == _id))
RETURN totals_per_state;","
FOR b IN Businesses

    LET categories = (
        FOR c IN 1..1 OUTBOUND b BusinessCategory
            RETURN c.category_name
    )

    FILTER ""Italian"" IN categories
    FILTER ""Delis"" IN categories

    FOR ch IN 1..1 OUTBOUND b BusinessCheckin
        FILTER ch.day == ""Sunday""

        COLLECT state = b.state
        AGGREGATE total_checkins = SUM(ch.count)

        SORT state

        RETURN {
            state: state,
            total_checkins: total_checkins
        }
",7.282371759414673,,True,,No LIMIT detected. A LIMIT is recommended for queries that may return many documents.,True,,False,"[HTTP 400][ERR 1501] syntax error, unexpected invalid token near ';

RETURN COLLECT VALUES values ...' at position 22:2",True,,6.0,,False,execution_error
Q013,list all the reviews by Niloofar,medium,graph_traversal,,,Mistral,mistral:latest,"FOR u IN Users
    FILTER u.name == ""Niloofar""

    FOR r IN 1..INFINITY OUTBOUND u WritesReview

        RETURN {
            business_id: r.business_id,
            user_id: r.user_id,
            rating: r.rating,
            text: r.text,
            year: r.year,
            month: r.month
        }","
FOR u IN Users
    FILTER u.name == ""Niloofar""

    FOR r IN 1..1 OUTBOUND u WritesReview

        RETURN DISTINCT {
            review_id: r.rid,
            user_id: r.user_id,
            business_id: r.business_id,
            rating: r.rating,
            text: r.text,
            year: r.year
        }
",4.264076471328735,,True,,No LIMIT detected. A LIMIT is recommended for queries that may return many documents.,False,text,False,Blocked by PrivacyFilter,True,,1.0,,False,privacy_blocked
Q014,list all the businesses which have a review by Niloofar,advanced,graph_traversal,,,Mistral,mistral:latest,"FOR r IN Reviews
    FILTER EXISTS(FOR u IN 1..1 INBOUND r WritesReview FILTER u.name == ""Niloofar"")

    FOR b IN 1..1 OUTBOUND r ReviewsBusiness

        RETURN {
            business_id: b.business_id,
            name: b.name,
            city: b.city,
            state: b.state
        }","
FOR u IN Users
    FILTER u.name == ""Niloofar""

    FOR r IN 1..1 OUTBOUND u WritesReview
        FOR b IN 1..1 OUTBOUND r ReviewsBusiness

            RETURN DISTINCT {
                business_id: b.business_id,
                name: b.name,
                city: b.city,
                state: b.state,
                rating: b.rating
            }
",4.305587530136108,,True,,No LIMIT detected. A LIMIT is recommended for queries that may return many documents.,True,,False,"[HTTP 400][ERR 1501] syntax error, unexpected ) near ')

    FOR b IN 1..1 OUTBOUND r ...' at position 2:83",True,,1.0,,False,execution_error
Q015,How many reviews has Niloofar written in 2015,medium,graph_count,,,Mistral,mistral:latest,"LET reviewsByYear = (
    FOR u IN Users
        FILTER u.name == ""Niloofar""

        FOR r IN 1..1 OUTBOUND u WritesReview
            FILTER r.year == 2015
            RETURN r
)

RETURN COUNT(reviewsByYear)","
LET reviews_2015 = (
    FOR u IN Users
        FILTER u.name == ""Niloofar""

        FOR r IN 1..1 OUTBOUND u WritesReview
            FILTER r.year == 2015
            RETURN DISTINCT r._id
)

RETURN LENGTH(reviews_2015)
",3.62481427192688,,True,,,True,,True,,True,,1.0,1.0,True,correct
Q016,list all the businesses which Niloofar rated 5,advanced,graph_traversal_filter,,,Mistral,mistral:latest,"FOR u IN Users
    FILTER u.name == ""Niloofar""

    FOR r IN 1..INFINITY OUTBOUND u WritesReview
        FOR b IN 1..1 OUTBOUND r ReviewsBusiness

            FILTER b.rating == 5

            RETURN DISTINCT {
                business_id: b.business_id,
                name: b.name,
                city: b.city,
                state: b.state,
                rating: b.rating
            }","
FOR u IN Users
    FILTER u.name == ""Niloofar""

    FOR r IN 1..1 OUTBOUND u WritesReview
        FILTER r.rating == 5

        FOR b IN 1..1 OUTBOUND r ReviewsBusiness

            RETURN DISTINCT {
                business_id: b.business_id,
                name: b.name,
                city: b.city,
                state: b.state
            }
",4.971006155014038,,True,,No LIMIT detected. A LIMIT is recommended for queries that may return many documents.,True,,False,[HTTP 404][ERR 1203] collection or view not found: INFINITY,True,,0.0,,False,execution_error
Q017,what is the average rating given in Michelle reviews,medium,graph_aggregation,,,Mistral,mistral:latest,"LET reviews = (
    FOR r IN Reviews
        FOR u IN 1..1 INBOUND r WritesReview
            FILTER u.name == ""Michelle""
        RETURN r.rating
)

RETURN AVERAGE(reviews)","
LET ratings = (
    FOR u IN Users
        FILTER u.name == ""Michelle""

        FOR r IN 1..1 OUTBOUND u WritesReview
            RETURN r.rating
)

RETURN AVERAGE(ratings)
",2.862283945083618,,True,,No LIMIT detected. A LIMIT is recommended for queries that may return many documents.,True,,False,"HTTPConnectionPool(host='localhost', port=8529): Read timed out. (read timeout=60)",True,,1.0,,False,execution_error
Q018,which business has the most number of checkins,medium,graph_sort_limit,,,Mistral,mistral:latest,"FOR b IN Businesses
    SORT b._id ASC
    FOR ch IN 1..1 OUTBOUND b BusinessCheckin
        COLLECT checkins = SUM(ch.count)
        SORT checkins DESC
        LIMIT 1
        RETURN b._id, checkins

In this query, we first sort all businesses by their id in ascending order. Then, for each business, we traverse the BusinessCheckin edge to count the check-ins. We collect the check-ins for each business, sort them in descending order, and return the business id along with the count of the most number of check-ins.","
FOR b IN Businesses

    LET total_checkins = SUM(
        FOR ch IN 1..1 OUTBOUND b BusinessCheckin
            RETURN ch.count
    )

    SORT total_checkins DESC
    LIMIT 1

    RETURN {
        business_id: b.business_id,
        name: b.name,
        city: b.city,
        state: b.state,
        total_checkins: total_checkins
    }
",5.553087472915649,,True,,,True,,False,"[HTTP 400][ERR 1501] syntax error, unexpected "","", expecting end of query string near ', checkins

In this query, we fi...' at position 7:21",True,,1.0,,False,execution_error
Q019,List all the reviews by Michelle for Italian restaurants,complex,multi_hop_graph,,,Mistral,mistral:latest,"FOR u IN Users
    FILTER u.name == ""Michelle""

    FOR r IN 1..1 OUTBOUND u WritesReview
        FOR b IN 1..1 OUTBOUND r ReviewsBusiness
            LET categories = (
                FOR c IN 1..1 OUTBOUND b BusinessCategory
                    RETURN c.category_name
            )
            FILTER ""Italian"" IN categories
            FILTER ""Restaurants"" IN categories
            RETURN {
                business_id: b.business_id,
                rating: r.rating,
                text: r.text,
                year: r.year,
                month: r.month
            }

To follow the schema rules:
- We are retrieving only the reviews by Michelle for Italian restaurants, so we don't need to filter the business city or any other neighborhood information.
- We are using the WritesReview and ReviewsBusiness edge collections to traverse from Users to Reviews and then to Businesses.
- We are accessing the category_name through BusinessCategory as it belongs to the Categories collection.
- We are returning only the required attributes for the reviews.","
FOR u IN Users
    FILTER u.name == ""Michelle""

    FOR r IN 1..1 OUTBOUND u WritesReview

        FOR b IN 1..1 OUTBOUND r ReviewsBusiness

            LET categories = (
                FOR c IN 1..1 OUTBOUND b BusinessCategory
                    RETURN c.category_name
            )

            FILTER ""Italian"" IN categories
            FILTER ""Restaurants"" IN categories

            RETURN DISTINCT {
                review_id: r.rid,
                user_id: r.user_id,
                business_id: b.business_id,
                business_name: b.name,
                rating: r.rating,
                text: r.text,
                year: r.year
            }
",9.874398946762083,,True,,No LIMIT detected. A LIMIT is recommended for queries that may return many documents.,False,text,False,Blocked by PrivacyFilter,True,,350.0,,False,privacy_blocked
Q020,What is the number of checkins for “Cafe Zinho” on fridays,medium,graph_aggregation,,,Mistral,mistral:latest,"LET values = (
    FOR b IN Businesses
        FILTER b.name == ""Cafe Zinho""

        FOR ch IN 1..1 OUTBOUND b BusinessCheckin
            FILTER ch.day == ""Friday""
            RETURN ch.count
)

RETURN SUM(values)","
LET values = (
    FOR b IN Businesses
        FILTER b.name == ""Cafe Zinho""

        FOR ch IN 1..1 OUTBOUND b BusinessCheckin
            FILTER ch.day == ""Friday""
            RETURN ch.count
)

RETURN SUM(values)
",3.776889562606812,,True,,,True,,True,,True,,1.0,1.0,True,correct
Q021,find the number of reviews written for “Cafe Zinho” restaurants in Texas,advanced,multi_hop_graph_count,,,Mistral,mistral:latest,"LET reviews = (
    FOR b IN Businesses
        FILTER b.name == ""Cafe Zinho""

        FOR r IN 1..1 INBOUND b ReviewsBusiness
            FILTER b.state == ""Texas""
            RETURN DISTINCT r._id
)

RETURN LENGTH(reviews)","
LET reviews = (
    FOR b IN Businesses
        FILTER b.name == ""Cafe Zinho""
        FILTER b.state == ""Texas""

        FOR r IN 1..1 INBOUND b ReviewsBusiness
            RETURN DISTINCT r._id
)

RETURN LENGTH(reviews)
",3.7497613430023193,,True,,,True,,True,,True,,1.0,1.0,True,correct
Q022,find the user with the most number of reviews,medium,graph_sort_limit,,,Mistral,mistral:latest,"FOR u IN Users
LET reviews = (
    FOR r IN 1..INFINITY OUTBOUND u WritesReview
    RETURN r
)
SORT u.name DESC
LIMIT 1
RETURN u.uid, u.name, COUNT(reviews)","
FOR u IN Users

    LET review_count = LENGTH(
        FOR r IN 1..1 OUTBOUND u WritesReview
            RETURN 1
    )

    SORT review_count DESC
    LIMIT 1

    RETURN {
        user_id: u.user_id,
        name: u.name,
        review_count: review_count
    }
",15.951170682907104,,True,,,True,,False,"[HTTP 400][ERR 1501] syntax error, unexpected "","", expecting end of query string near ', u.name, COUNT(reviews)' at position 8:13",True,,1.0,,False,execution_error
Q023,how many users reviewed Sushi Too in Pittsburgh,advanced,multi_hop_graph_count,,,Mistral,mistral:latest,"LET users = (
    FOR b IN Businesses
        FILTER b.name == ""Sushi Too""
        FILTER b.city == ""Pittsburgh""

        FOR r IN 1..1 INBOUND b ReviewsBusiness
            FOR u IN 1..1 INBOUND r WritesReview
                RETURN DISTINCT u._id
)

RETURN LENGTH(users)","
LET users = (
    FOR b IN Businesses
        FILTER b.name == ""Sushi Too""
        FILTER b.city == ""Pittsburgh""

        FOR r IN 1..1 INBOUND b ReviewsBusiness
            FOR u IN 1..1 INBOUND r WritesReview
                RETURN DISTINCT u._id
)

RETURN LENGTH(users)
",4.417280435562134,,True,,,True,,True,,True,,1.0,1.0,True,correct
Q024,What is the number of pet groomers in Edinburgh,medium,graph_count,,,Mistral,mistral:latest,"LET businesses = (
    FOR b IN Businesses
        FILTER b.city == ""Edinburgh""

        FOR c IN 1..1 OUTBOUND b BusinessCategory
            FILTER c.category_name == ""Pet Groomers""
            RETURN DISTINCT b._id
)

RETURN LENGTH(businesses)","
LET businesses = (
    FOR b IN Businesses
        FILTER b.city == ""Edinburgh""

        FOR c IN 1..1 OUTBOUND b BusinessCategory
            FILTER c.category_name == ""Pet Groomers""
            RETURN DISTINCT b._id
)

RETURN LENGTH(businesses)
",4.155424356460571,,True,,,True,,True,,True,,1.0,1.0,True,correct
Q025,How many pet groomers exist in Edinburgh,medium,graph_count,,,Mistral,mistral:latest,"LET businesses = (
    FOR b IN Businesses
        FILTER b.city == ""Edinburgh""

        FOR c IN 1..1 OUTBOUND b BusinessCategory
            FILTER c.category_name == ""Pet Groomers""
            RETURN DISTINCT b._id
)

RETURN LENGTH(businesses)","
LET businesses = (
    FOR b IN Businesses
        FILTER b.city == ""Edinburgh""

        FOR c IN 1..1 OUTBOUND b BusinessCategory
            FILTER c.category_name == ""Pet Groomers""
            RETURN DISTINCT b._id
)

RETURN LENGTH(businesses)
",4.202751874923706,,True,,,True,,True,,True,,1.0,1.0,True,correct
Q026,What is the number of restaurants in Pittsburgh rated 4.5,medium,graph_count,,,Mistral,mistral:latest,"FOR b IN Businesses
    FILTER b.city == ""Pittsburgh""
    FILTER b.rating == 4.5
    FILTER b.is_open == true
    FILTER b.category_name == ""Restaurants""
    COUNT b
    RETURN { count: res }

In this query, we filter the businesses in Pittsburgh, ensure they are restaurants, have a rating of 4.5, and are open. We then count the number of businesses that meet these conditions. The result is returned as a single object with a 'count' property.","
LET restaurants = (
    FOR b IN Businesses
        FILTER b.city == ""Pittsburgh""
        FILTER b.rating == 4.5

        FOR c IN 1..1 OUTBOUND b BusinessCategory
            FILTER c.category_name == ""Restaurants""
            RETURN DISTINCT b._id
)

RETURN LENGTH(restaurants)
",5.859926223754883,,False,Unknown attribute 'category_name' in collection 'Businesses'.,No LIMIT detected. A LIMIT is recommended for queries that may return many documents.,True,,False,Rejected by validator,True,,1.0,,False,unknown_attribute
Q027,List all 5 star Italian restaurants,medium,graph_filter,,,Mistral,mistral:latest,"FOR b IN Businesses
    FILTER b.rating == 5

    LET categories = (
        FOR c IN 1..1 OUTBOUND b BusinessCategory
            RETURN c.category_name
    )

    FILTER ""Italian"" IN categories

    RETURN {
        business_id: b.business_id,
        name: b.name,
        rating: b.rating
    }","
FOR b IN Businesses
    FILTER b.rating == 5

    LET categories = (
        FOR c IN 1..1 OUTBOUND b BusinessCategory
            RETURN c.category_name
    )

    FILTER ""Italian"" IN categories
    FILTER ""Restaurants"" IN categories

    RETURN {
        business_id: b.business_id,
        name: b.name,
        city: b.city,
        state: b.state,
        rating: b.rating
    }
",5.029407978057861,,True,,No LIMIT detected. A LIMIT is recommended for queries that may return many documents.,True,,True,,True,,36.0,36.0,False,semantic_result_mismatch
Q028,How many tips have been written in 2015,simple,document_count,,,Mistral,mistral:latest,"LET tips = (
    FOR t IN Tips
        FILTER t.year == 2015
        RETURN DISTINCT t._id
)

RETURN LENGTH(tips)","
RETURN LENGTH(
    FOR t IN Tips
        FILTER t.year == 2015
        RETURN 1
)
",2.890895366668701,,True,,,True,,True,,True,,1.0,1.0,True,correct
Q029,What is the total likes on tips from Niloofar,medium,graph_aggregation,,,Mistral,mistral:latest,"LET likes = (
    FOR u IN Users
        FILTER u.name == ""Niloofar""

        FOR t IN 1..1 OUTBOUND u WritesTip
            RETURN t.likes
)

RETURN SUM(likes)","
LET likes = (
    FOR u IN Users
        FILTER u.name == ""Niloofar""

        FOR t IN 1..1 OUTBOUND u WritesTip
            RETURN t.likes
)

RETURN SUM(likes)
",3.5305778980255127,,True,,,True,,True,,True,,1.0,1.0,True,correct
Q030,What is the total likes on tips about “Cafe Zinho”,medium,graph_aggregation,,,Mistral,mistral:latest,"LET likes = (
    FOR b IN Businesses
        FILTER b.name == ""Cafe Zinho""

        FOR t IN 1..INFINITY OUTBOUND b TipsBusiness
            RETURN t.likes
)

RETURN SUM(likes)","
LET likes = (
    FOR b IN Businesses
        FILTER b.name == ""Cafe Zinho""

        FOR t IN 1..1 INBOUND b TipsBusiness
            RETURN t.likes
)

RETURN SUM(likes)
",3.6461641788482666,,True,,,True,,False,[HTTP 404][ERR 1203] collection or view not found: INFINITY,True,,1.0,,False,execution_error
Q031,What is the total likes on tips from Niloofar about “Cafe Zinho”,complex,multi_hop_graph_aggregation,,,Mistral,mistral:latest,"LET tips = (
    FOR u IN Users
        FILTER u.name == ""Niloofar""

        FOR t IN 1..1 OUTBOUND u WritesTip
            FOR b IN 1..1 INBOUND t TipsBusiness
                FILTER b.name == ""Cafe Zinho""
                RETURN t.likes
)

RETURN SUM(tips)","
LET likes = (
    FOR u IN Users
        FILTER u.name == ""Niloofar""

        FOR t IN 1..1 OUTBOUND u WritesTip
            FOR b IN 1..1 OUTBOUND t TipsBusiness
                FILTER b.name == ""Cafe Zinho""
                RETURN t.likes
)

RETURN SUM(likes)
",4.561962366104126,,False,Unknown attribute 'name' in collection 'Tips'.,,True,,False,Rejected by validator,True,,1.0,,False,unknown_attribute
Q032,How many tips has Michelle written in 2014,medium,graph_count,,,Mistral,mistral:latest,"LET tips = (
    FOR u IN Users
        FILTER u.name == ""Michelle""

        FOR t IN 1..1 OUTBOUND u WritesTip
            FILTER t.year == 2014
            RETURN DISTINCT t._id
)

RETURN LENGTH(tips)","
LET tips = (
    FOR u IN Users
        FILTER u.name == ""Michelle""

        FOR t IN 1..1 OUTBOUND u WritesTip
            FILTER t.year == 2014
            RETURN DISTINCT t._id
)

RETURN LENGTH(tips)
",3.873820543289185,,True,,,True,,True,,True,,1.0,1.0,True,correct
Q033,How many tips has Michelle written in April,medium,graph_count,,,Mistral,mistral:latest,"LET tips = (
    FOR u IN Users
        FILTER u.name == ""Michelle""

        FOR t IN 1..1 OUTBOUND u WritesTip
            FILTER t.month == ""April""
            RETURN DISTINCT t._id
)

RETURN LENGTH(tips)","
LET tips = (
    FOR u IN Users
        FILTER u.name == ""Michelle""

        FOR t IN 1..1 OUTBOUND u WritesTip
            FILTER t.month == 4
                OR LOWER(TO_STRING(t.month)) == ""april""

            RETURN DISTINCT t._id
)

RETURN LENGTH(tips)
",3.5300588607788086,,True,,,True,,True,,True,,1.0,1.0,True,correct
Q034,what is the number of restaurants in Texas,medium,graph_count,,,Mistral,mistral:latest,"RETURN LENGTH(
    FOR b IN Businesses
        FILTER b.state == ""Texas""
        FILTER ""Restaurants"" IN (
            FOR c IN 1..1 OUTBOUND b BusinessCategory
                RETURN c.category_name
        )
        RETURN b._id
)","
LET restaurants = (
    FOR b IN Businesses
        FILTER b.state == ""Texas""

        FOR c IN 1..1 OUTBOUND b BusinessCategory
            FILTER c.category_name == ""Restaurants""
            RETURN DISTINCT b._id
)

RETURN LENGTH(restaurants)
",3.815622806549072,,True,,,True,,True,,True,,1.0,1.0,True,correct
Q035,which neighborhood has the most number of businesses in Madison,advanced,graph_group_sort,,,Mistral,mistral:latest,"LET businesses = (
    FOR b IN Businesses
        FILTER b.city == ""Madison""

        FOR n IN 1..1 OUTBOUND b BusinessNeighborhood
            RETURN DISTINCT n.neighborhood_name
)

LET neighborhoodCounts = (
    FOR neighborhood IN businesses
        LET businessCount = COUNT(businesses FILTER neighborhood_name == neighborhood)
        RETURN {neighborhood: neighborhood, count: businessCount}
)

RETURN SORT neighborhoodCounts BY count DESC LIMIT 1","
FOR b IN Businesses
    FILTER b.city == ""Madison""

    FOR n IN 1..1 OUTBOUND b BusinessNeighborhood

        COLLECT neighborhood = n.neighborhood_name
        WITH COUNT INTO business_count

        SORT business_count DESC
        LIMIT 1

        RETURN {
            neighborhood: neighborhood,
            business_count: business_count
        }
",5.783254861831665,,False,Unknown collection(s): businesses,,True,,False,Rejected by validator,True,,1.0,,False,unknown_collection
Q036,List all the neighborhoods with Italian restaurants in Madison,advanced,multi_relation_graph,,,Mistral,mistral:latest,"FOR b IN Businesses
    FILTER b.city == ""Madison""

    LET categories = (
        FOR c IN 1..1 OUTBOUND b BusinessCategory
            RETURN c.category_name
    )

    FILTER ""Italian"" IN categories
    FILTER ""Restaurants"" IN categories

    FOR n IN 1..1 OUTBOUND b BusinessNeighborhood
        RETURN DISTINCT n.neighborhood_name

Note: This AQL query follows the important schema rules provided. It lists all neighborhoods in Madison that have Italian restaurants. The query first filters businesses in Madison, then retrieves the categories associated with the business, and checks if the category is both Italian and Restaurant. Finally, it traverses the BusinessNeighborhood edge to get the neighborhood names.","
FOR b IN Businesses
    FILTER b.city == ""Madison""

    LET categories = (
        FOR c IN 1..1 OUTBOUND b BusinessCategory
            RETURN c.category_name
    )

    FILTER ""Italian"" IN categories
    FILTER ""Restaurants"" IN categories

    FOR n IN 1..1 OUTBOUND b BusinessNeighborhood
        RETURN DISTINCT n.neighborhood_name
",7.358767747879028,,True,,No LIMIT detected. A LIMIT is recommended for queries that may return many documents.,True,,False,"[HTTP 400][ERR 1501] syntax error, unexpected identifier, expecting end of query string near 'Note: This AQL query follows the...' at position 15:1",True,,11.0,,False,execution_error
Q037,List all the neighborhoods with Italian restaurants rated less than 2.5 in Madison,advanced,multi_relation_graph_filter,,,Mistral,mistral:latest,"FOR b IN Businesses
    FILTER b.city == ""Madison""

    LET categories = (
        FOR c IN 1..1 OUTBOUND b BusinessCategory
            RETURN c.category_name
    )

    FILTER ""Italian"" IN categories
    FILTER ""Restaurants"" IN categories
    FILTER b.rating < 2.5

    FOR n IN 1..1 OUTBOUND b BusinessNeighborhood
        RETURN DISTINCT n.neighborhood_name","
FOR b IN Businesses
    FILTER b.city == ""Madison""
    FILTER b.rating < 2.5

    LET categories = (
        FOR c IN 1..1 OUTBOUND b BusinessCategory
            RETURN c.category_name
    )

    FILTER ""Italian"" IN categories
    FILTER ""Restaurants"" IN categories

    FOR n IN 1..1 OUTBOUND b BusinessNeighborhood
        RETURN DISTINCT n.neighborhood_name
",6.261029481887817,,True,,No LIMIT detected. A LIMIT is recommended for queries that may return many documents.,True,,True,,True,,1.0,1.0,True,correct
Q038,Which neighborhood in Madison has the Italian restaurant with the highest stars,complex,multi_relation_graph_sort,,,Mistral,mistral:latest,"FOR b IN Businesses
    FILTER b.city == ""Madison""
    LET categories = (
        FOR c IN 1..1 OUTBOUND b BusinessCategory
            RETURN c.category_name
    )
    FILTER ""Italian"" IN categories
    FILTER ""Restaurants"" IN categories

    LET ratings = (
        FOR r IN 1..1 OUTBOUND b TipsBusiness
            RETURN r.rating
    )

    SORT ratings DESC
    LIMIT 1

    FOR n IN 1..1 OUTBOUND b BusinessNeighborhood
        RETURN {
            neighborhood: n.neighborhood_name,
            rating: ratings[0]
        }","
FOR b IN Businesses
    FILTER b.city == ""Madison""

    LET categories = (
        FOR c IN 1..1 OUTBOUND b BusinessCategory
            RETURN c.category_name
    )

    FILTER ""Italian"" IN categories
    FILTER ""Restaurants"" IN categories

    FOR n IN 1..1 OUTBOUND b BusinessNeighborhood

        SORT b.rating DESC
        LIMIT 1

        RETURN {
            neighborhood: n.neighborhood_name,
            business: b.name,
            rating: b.rating
        }
",6.843898296356201,,True,,,True,,True,,True,,1.0,0.0,False,semantic_result_mismatch
Q039,List all businesses with rating 3.5,simple,document_filter,,,Mistral,mistral:latest,"FOR b IN Businesses
FILTER b.rating == 3.5
RETURN {
    business_id: b.business_id,
    name: b.name,
    city: b.city,
    state: b.state,
    rating: b.rating
}","
FOR b IN Businesses
    FILTER b.rating == 3.5

    RETURN {
        business_id: b.business_id,
        name: b.name,
        city: b.city,
        state: b.state,
        rating: b.rating
    }
",3.268430709838867,,True,,No LIMIT detected. A LIMIT is recommended for queries that may return many documents.,True,,True,,True,,16624.0,16624.0,True,correct
Q040,find all the restaurants in Texas,medium,graph_filter,,,Mistral,mistral:latest,"FOR b IN Businesses
FILTER b.state == ""Texas""
FILTER ""Restaurants"" IN (
  FOR c IN 1..1 OUTBOUND b BusinessCategory
    RETURN c.category_name
)
RETURN DISTINCT {
  business_id: b.business_id,
  name: b.name,
  city: b.city,
  state: b.state,
  rating: b.rating
}","
FOR b IN Businesses
    FILTER b.state == ""Texas""

    FOR c IN 1..1 OUTBOUND b BusinessCategory
        FILTER c.category_name == ""Restaurants""

        RETURN DISTINCT {
            business_id: b.business_id,
            name: b.name,
            city: b.city,
            rating: b.rating
        }
",4.6247289180755615,,True,,No LIMIT detected. A LIMIT is recommended for queries that may return many documents.,True,,True,,True,,1.0,1.0,False,semantic_result_mismatch
Q041,Find all the reviews for all pet groomers with more than 100 reviews,advanced,multi_hop_graph,,,Mistral,mistral:latest,"FOR review IN Reviews
LET groomers = (
    FOR business IN 1..1 OUTBOUND review ReviewsBusiness
    FOR category IN 1..1 OUTBOUND business BusinessCategory
    FILTER category.category_name == ""Pet Groomers"" AND business.review_count > 100
    RETURN DISTINCT business._id
)
FILTER review.business_id IN groomers
RETURN {
    review_id: review._id,
    business_id: review.business_id,
    user_id: review.user_id,
    rating: review.rating,
    text: review.text,
    year: review.year,
    month: review.month
}","
FOR b IN Businesses
    FILTER b.review_count > 100

    FOR c IN 1..1 OUTBOUND b BusinessCategory
        FILTER c.category_name == ""Pet Groomers""

        FOR r IN 1..1 INBOUND b ReviewsBusiness
            RETURN DISTINCT {
                review_id: r.rid,
                business_id: b.business_id,
                business_name: b.name,
                rating: r.rating,
                text: r.text,
                year: r.year
            }
",6.784341335296631,,True,,No LIMIT detected. A LIMIT is recommended for queries that may return many documents.,False,text,False,Blocked by PrivacyFilter,True,,534.0,,False,privacy_blocked
Q042,Find all pet groomers which have more than 100 reviews,medium,graph_filter,,,Mistral,mistral:latest,"FOR b IN Businesses
    FILTER b.review_count > 100

    FOR c IN 1..1 OUTBOUND b BusinessCategory
        FILTER c.category_name == ""Pet Groomers""
        RETURN DISTINCT b._id","
FOR b IN Businesses
    FILTER b.review_count > 100

    FOR c IN 1..1 OUTBOUND b BusinessCategory
        FILTER c.category_name == ""Pet Groomers""

        RETURN DISTINCT {
            business_id: b.business_id,
            name: b.name,
            city: b.city,
            state: b.state,
            review_count: b.review_count,
            rating: b.rating
        }
",3.996136426925659,,True,,No LIMIT detected. A LIMIT is recommended for queries that may return many documents.,True,,True,,True,,8.0,8.0,False,semantic_result_mismatch
Q043,Find all Chinese restaurants in Dallas with at least 4 stars,medium,graph_filter,,,Mistral,mistral:latest,"FOR b IN Businesses
    FILTER b.city == ""Dallas""

    LET categories = (
        FOR c IN 1..1 OUTBOUND b BusinessCategory
            RETURN c.category_name
    )

    FILTER ""Chinese"" IN categories
    FILTER b.rating >= 4

    RETURN {
        business_id: b.business_id,
        name: b.name,
        rating: b.rating
    }","
FOR b IN Businesses
    FILTER b.city == ""Dallas""
    FILTER b.rating >= 4

    LET categories = (
        FOR c IN 1..1 OUTBOUND b BusinessCategory
            RETURN c.category_name
    )

    FILTER ""Chinese"" IN categories
    FILTER ""Restaurants"" IN categories

    RETURN {
        business_id: b.business_id,
        name: b.name,
        rating: b.rating
    }
",5.308426380157471,,True,,No LIMIT detected. A LIMIT is recommended for queries that may return many documents.,True,,True,,True,,0.0,0.0,True,correct
Q044,Find all Mexican restaurants in Dallas with a rating above 3.5,medium,graph_filter,,,Mistral,mistral:latest,"FOR b IN Businesses
    FILTER b.city == ""Dallas""
    FILTER b.rating > 3.5

    LET categories = (
        FOR c IN 1..1 OUTBOUND b BusinessCategory
            RETURN c.category_name
    )

    FILTER ""Mexican"" IN categories
    FILTER ""Restaurants"" IN categories

    RETURN {
        business_id: b.business_id,
        name: b.name,
        rating: b.rating
    }","
FOR b IN Businesses
    FILTER b.city == ""Dallas""
    FILTER b.rating > 3.5

    LET categories = (
        FOR c IN 1..1 OUTBOUND b BusinessCategory
            RETURN c.category_name
    )

    FILTER ""Mexican"" IN categories
    FILTER ""Restaurants"" IN categories

    RETURN {
        business_id: b.business_id,
        name: b.name,
        rating: b.rating
    }
",5.786315202713013,,True,,No LIMIT detected. A LIMIT is recommended for queries that may return many documents.,True,,True,,True,,0.0,0.0,True,correct
Q045,What are all the gyms in Los Angeles?,medium,graph_filter,,,Mistral,mistral:latest,"FOR b IN Businesses
    FILTER b.city == ""Los Angeles""
    FOR c IN 1..1 OUTBOUND b BusinessCategory
        FILTER c.category_name == ""Gyms""

    RETURN DISTINCT {
        business_id: b.business_id,
        name: b.name,
        full_address: b.full_address
    }","
FOR b IN Businesses
    FILTER b.city == ""Los Angeles""

    FOR c IN 1..1 OUTBOUND b BusinessCategory
        FILTER c.category_name == ""Gyms""

        RETURN DISTINCT {
            business_id: b.business_id,
            name: b.name,
            rating: b.rating
        }
",4.261617422103882,,True,,No LIMIT detected. A LIMIT is recommended for queries that may return many documents.,False,full_address,False,Blocked by PrivacyFilter,True,,0.0,,False,privacy_blocked
Q046,What is the number of dentists in Los Angeles?,medium,graph_count,,,Mistral,mistral:latest,"LET dentists = (
    FOR b IN Businesses
        FILTER b.city == ""Los Angeles""

        FOR c IN 1..1 OUTBOUND b BusinessCategory
            FILTER c.category_name == ""Dentists""

            RETURN DISTINCT b._id
)

RETURN LENGTH(dentists)","
LET dentists = (
    FOR b IN Businesses
        FILTER b.city == ""Los Angeles""

        FOR c IN 1..1 OUTBOUND b BusinessCategory
            FILTER c.category_name == ""Dentists""

            RETURN DISTINCT b._id
)

RETURN LENGTH(dentists)
",4.232738018035889,,True,,,True,,True,,True,,1.0,1.0,True,correct
Q047,How many dentists in Los Angeles have a rating above 4?,medium,graph_count,,,Mistral,mistral:latest,"FOR b IN Businesses
    FILTER b.city == ""Los Angeles"" AND b.category_name == ""Dentists""
    FILTER b.rating > 4
    RETURN DISTINCT b._id

RETURN LENGTH(RESULTS)","
LET dentists = (
    FOR b IN Businesses
        FILTER b.city == ""Los Angeles""
        FILTER b.rating > 4

        FOR c IN 1..1 OUTBOUND b BusinessCategory
            FILTER c.category_name == ""Dentists""

            RETURN DISTINCT b._id
)

RETURN LENGTH(dentists)
",3.346970319747925,,False,Unknown attribute 'category_name' in collection 'Businesses'.,,True,,False,Rejected by validator,True,,1.0,,False,unknown_attribute
Q048,Find all bars in Dallas,medium,graph_filter,,,Mistral,mistral:latest,"FOR b IN Businesses
FILTER b.city == ""Dallas""
FILTER EXISTS (
    FOR c IN 1..1 OUTBOUND b BusinessCategory
    FILTER c.category_name == ""Bars""
)
RETURN DISTINCT b._id","
FOR b IN Businesses
    FILTER b.city == ""Dallas""

    FOR c IN 1..1 OUTBOUND b BusinessCategory
        FILTER c.category_name == ""Bars""

        RETURN DISTINCT {
            business_id: b.business_id,
            name: b.name,
            rating: b.rating
        }
",3.4105050563812256,,True,,No LIMIT detected. A LIMIT is recommended for queries that may return many documents.,True,,False,"[HTTP 400][ERR 1501] syntax error, unexpected ) near ')
RETURN DISTINCT b._id' at position 6:1",True,,0.0,,False,execution_error
Q049,Find all dance schools in Los Angeles,medium,graph_filter,,,Mistral,mistral:latest,"FOR b IN Businesses
    FILTER b.city == ""Los Angeles""

    LET categories = (
        FOR c IN 1..1 OUTBOUND b BusinessCategory
            RETURN c.category_name
    )

    FILTER ""Dance Schools"" IN categories

    RETURN DISTINCT b._id","
FOR b IN Businesses
    FILTER b.city == ""Los Angeles""

    FOR c IN 1..1 OUTBOUND b BusinessCategory
        FILTER c.category_name == ""Dance Schools""

        RETURN DISTINCT {
            business_id: b.business_id,
            name: b.name,
            rating: b.rating
        }
",3.851633310317993,,True,,No LIMIT detected. A LIMIT is recommended for queries that may return many documents.,True,,True,,True,,0.0,0.0,True,correct
Q050,How many people reviewed the restaurant Texas de Brazil in Dallas Texas?,advanced,graph_count,,,Mistral,mistral:latest,"FOR u IN Users
    FOR r IN 1..1 OUTBOUND u WritesReview
        FOR b IN 1..1 OUTBOUND r ReviewsBusiness
            FILTER b.name == ""Texas de Brazil""
            FILTER b.city == ""Dallas""
            FILTER b.state == ""Texas""
            RETURN COUNT(r)","
LET users = (
    FOR b IN Businesses
        FILTER b.name == ""Texas de Brazil""
        FILTER b.city == ""Dallas""
        FILTER b.state == ""Texas""

        FOR r IN 1..1 INBOUND b ReviewsBusiness
            FOR u IN 1..1 INBOUND r WritesReview
                RETURN DISTINCT u._id
)

RETURN LENGTH(users)
",4.423949956893921,,True,,,True,,False,"HTTPConnectionPool(host='localhost', port=8529): Read timed out. (read timeout=60)",True,,1.0,,False,execution_error
Q051,How many people reviewed Bistro Di Napoli in 2015?,advanced,graph_count,,,Mistral,mistral:latest,"LET users = (
    FOR b IN Businesses
        FILTER b.name == ""Bistro Di Napoli""

        FOR r IN 1..1 INBOUND b ReviewsBusiness
            FILTER r.year == 2015
            RETURN DISTINCT r._id
)

RETURN LENGTH(users)","
LET reviews = (
    FOR b IN Businesses
        FILTER b.name == ""Bistro Di Napoli""

        FOR r IN 1..1 INBOUND b ReviewsBusiness
            FILTER r.year == 2015
            RETURN DISTINCT r._id
)

RETURN LENGTH(reviews)
",3.940029859542847,,True,,,True,,True,,True,,1.0,1.0,True,correct
Q052,Find all restaurants in Los Angeles with more than 100 reviews,medium,graph_filter,,,Mistral,mistral:latest,"FOR b IN Businesses
    FILTER b.city == ""Los Angeles""
    FILTER b.review_count > 100
    FILTER EXISTS IN 1..INFINITY OUTBOUND b BusinessCategory
    FILTER ""Restaurants"" IN (
        FOR c IN 1..1 OUTBOUND b BusinessCategory
            RETURN c.category_name
    )
    RETURN {
        business_id: b.business_id,
        name: b.name,
        review_count: b.review_count,
        rating: b.rating
    }","
FOR b IN Businesses
    FILTER b.city == ""Los Angeles""
    FILTER b.review_count > 100

    FOR c IN 1..1 OUTBOUND b BusinessCategory
        FILTER c.category_name == ""Restaurants""

        RETURN DISTINCT {
            business_id: b.business_id,
            name: b.name,
            rating: b.rating,
            review_count: b.review_count
        }
",6.137491226196289,,True,,No LIMIT detected. A LIMIT is recommended for queries that may return many documents.,True,,False,"[HTTP 400][ERR 1501] syntax error, unexpected outbound modifier near 'OUTBOUND b BusinessCategory
    ...' at position 4:34",True,,0.0,,False,execution_error
Q053,How many restaurants are there in the Hazelwood district of Dallas?,advanced,multi_relation_graph_count,,,Mistral,mistral:latest,"FOR b IN Businesses
    FILTER b.city == ""Dallas""

    LET neighborhoods = (
        FOR n IN 1..1 OUTBOUND b BusinessNeighborhood
            RETURN n.neighborhood_name
    )

    FILTER ""Hazelwood"" IN neighborhoods
    FILTER ""Restaurants"" IN (
        FOR c IN 1..1 OUTBOUND b BusinessCategory
            RETURN c.category_name
    )

    RETURN DISTINCT b._id","
LET restaurants = (
    FOR b IN Businesses
        FILTER b.city == ""Dallas""

        LET categories = (
            FOR c IN 1..1 OUTBOUND b BusinessCategory
                RETURN c.category_name
        )

        FILTER ""Restaurants"" IN categories

        FOR n IN 1..1 OUTBOUND b BusinessNeighborhood
            FILTER n.neighborhood_name == ""Hazelwood""

            RETURN DISTINCT b._id
)

RETURN LENGTH(restaurants)
",5.40157413482666,,True,,No LIMIT detected. A LIMIT is recommended for queries that may return many documents.,True,,True,,True,,1.0,0.0,False,semantic_result_mismatch
Q054,Find all hotels in Dallas with at least 50 reviews,medium,graph_filter,,,Mistral,mistral:latest,"FOR b IN Businesses
    FILTER b.city == ""Dallas""
    FILTER b.is_open == true
    FILTER b.category_name == ""Hotels""
    FILTER b.review_count >= 50
    RETURN {
        business_id: b.business_id,
        name: b.name,
        rating: b.rating,
        review_count: b.review_count
    }","
FOR b IN Businesses
    FILTER b.city == ""Dallas""
    FILTER b.review_count >= 50

    FOR c IN 1..1 OUTBOUND b BusinessCategory
        FILTER c.category_name == ""Hotels""

        RETURN DISTINCT {
            business_id: b.business_id,
            name: b.name,
            rating: b.rating,
            review_count: b.review_count
        }
",4.891940355300903,,False,Unknown attribute 'category_name' in collection 'Businesses'.,No LIMIT detected. A LIMIT is recommended for queries that may return many documents.,True,,False,Rejected by validator,True,,0.0,,False,unknown_attribute
Q055,Find all users who reviewed restaurant Mesa Grill,advanced,multi_hop_graph,,,Mistral,mistral:latest,"FOR u IN Users
    FOR r IN 1..1 OUTBOUND u WritesReview
        FOR b IN 1..1 OUTBOUND r ReviewsBusiness
            FILTER b.name == ""Mesa Grill""
            RETURN DISTINCT {
                user_id: u.user_id,
                name: u.name
            }","
FOR b IN Businesses
    FILTER b.name == ""Mesa Grill""

    FOR r IN 1..1 INBOUND b ReviewsBusiness
        FOR u IN 1..1 INBOUND r WritesReview

            RETURN DISTINCT {
                user_id: u.user_id,
                name: u.name
            }
",4.215567588806152,,True,,No LIMIT detected. A LIMIT is recommended for queries that may return many documents.,True,,False,"HTTPConnectionPool(host='localhost', port=8529): Read timed out. (read timeout=60)",True,,2323.0,,False,execution_error
Q056,How many Starbucks are there in Dallas Texas?,simple,document_count,,,Mistral,mistral:latest,"FOR b IN Businesses
    FILTER b.name == ""Starbucks""
    FILTER b.city == ""Dallas""
    FILTER b.state == ""Texas""
    RETURN DISTINCT b._id

LENGTH(result)","
RETURN LENGTH(
    FOR b IN Businesses
        FILTER b.name == ""Starbucks""
        FILTER b.city == ""Dallas""
        FILTER b.state == ""Texas""
        RETURN b._id
)
",3.445286512374878,,True,,No LIMIT detected. A LIMIT is recommended for queries that may return many documents.,True,,False,"[HTTP 400][ERR 1501] syntax error, unexpected identifier, expecting end of query string near 'LENGTH(result)' at position 7:1",True,,1.0,,False,execution_error
Q057,How many reviews does Acacia Cafe have?,advanced,graph_count,,,Mistral,mistral:latest,"FOR b IN Businesses
    FILTER b.name == ""Acacia Cafe""

    LET reviews = (
        FOR r IN 1..1 INBOUND b ReviewsBusiness
            RETURN DISTINCT r._id
    )

    RETURN LENGTH(reviews)","
LET reviews = (
    FOR b IN Businesses
        FILTER b.name == ""Acacia Cafe""

        FOR r IN 1..1 INBOUND b ReviewsBusiness
            RETURN DISTINCT r._id
)

RETURN LENGTH(reviews)
",3.7299787998199454,,True,,,True,,True,,True,,1.0,1.0,True,correct
Q058,Find all restaurants with valet service in Dallas Texas,advanced,category_filter,,,Mistral,mistral:latest,"FOR b IN Businesses
    FILTER b.city == ""Dallas""
    FILTER b.state == ""Texas""
    FILTER b.is_open == true
    FILTER ""Restaurants"" IN (
        FOR c IN 1..1 OUTBOUND b BusinessCategory
            RETURN c.category_name
    )
    FILTER ""Valet"" IN (
        FOR v IN 1..1 OUTBOUND b BusinessCheckin
            FILTER v._to._key == ""Checkins""
            RETURN v._from.name
    )
    RETURN DISTINCT b._id","
FOR b IN Businesses
    FILTER b.city == ""Dallas""
    FILTER b.state == ""Texas""

    LET categories = (
        FOR c IN 1..1 OUTBOUND b BusinessCategory
            RETURN c.category_name
    )

    FILTER ""Restaurants"" IN categories
    FILTER ""Valet Services"" IN categories

    RETURN {
        business_id: b.business_id,
        name: b.name,
        rating: b.rating
    }
",6.233689069747925,,True,,No LIMIT detected. A LIMIT is recommended for queries that may return many documents.,True,,True,,True,,0.0,0.0,True,correct
Q059,List the addresses of all Walmarts in Los Angeles,simple,document_filter,,,Mistral,mistral:latest,"FOR b IN Businesses
    FILTER b.city == ""Los Angeles""
    FILTER b.name == ""Walmart""
    RETURN DISTINCT b.full_address","
FOR b IN Businesses
    FILTER b.name == ""Walmart""
    FILTER b.city == ""Los Angeles""

    RETURN DISTINCT b.full_address
",2.9199295043945312,,True,,No LIMIT detected. A LIMIT is recommended for queries that may return many documents.,False,full_address,False,Blocked by PrivacyFilter,True,,0.0,,False,privacy_blocked
Q060,Find all restaurants reviewed by Patrick in Los Angeles,complex,multi_hop_graph_filter,,,Mistral,mistral:latest,"FOR u IN Users
    FILTER u.name == ""Patrick""

    FOR r IN 1..1 OUTBOUND u WritesReview
        FOR b IN 1..1 OUTBOUND r ReviewsBusiness

            FILTER b.city == ""Los Angeles""
            FILTER b.full_address.city == ""Los Angeles""
            FILTER b.full_address.state == ""CA""

            FOR c IN 1..1 OUTBOUND b BusinessCategory
                FILTER c.category_name == ""Restaurants""

                RETURN DISTINCT {
                    business_id: b.business_id,
                    name: b.name
                }","
FOR u IN Users
    FILTER u.name == ""Patrick""

    FOR r IN 1..1 OUTBOUND u WritesReview
        FOR b IN 1..1 OUTBOUND r ReviewsBusiness

            FILTER b.city == ""Los Angeles""

            FOR c IN 1..1 OUTBOUND b BusinessCategory
                FILTER c.category_name == ""Restaurants""

                RETURN DISTINCT {
                    business_id: b.business_id,
                    name: b.name,
                    rating: b.rating
                }
",6.946362257003784,,True,,No LIMIT detected. A LIMIT is recommended for queries that may return many documents.,False,full_address,False,Blocked by PrivacyFilter,True,,0.0,,False,privacy_blocked
Q061,Find all Italian restaurants in the Meadowood neighborhood of Madison,advanced,multi_relation_graph_filter,,,Mistral,mistral:latest,"FOR b IN Businesses
    FILTER b.city == ""Madison""
    FILTER b.city == ""Meadowood""

    LET categories = (
        FOR c IN 1..1 OUTBOUND b BusinessCategory
            RETURN c.category_name
    )

    FILTER ""Italian"" IN categories
    FILTER ""Restaurants"" IN categories

    RETURN b","
FOR b IN Businesses
    FILTER b.city == ""Madison""

    LET categories = (
        FOR c IN 1..1 OUTBOUND b BusinessCategory
            RETURN c.category_name
    )

    FILTER ""Italian"" IN categories
    FILTER ""Restaurants"" IN categories

    FOR n IN 1..1 OUTBOUND b BusinessNeighborhood
        FILTER n.neighborhood_name == ""Meadowood""

        RETURN DISTINCT {
            business_id: b.business_id,
            name: b.name,
            rating: b.rating
        }
",18.30872106552124,,True,,No LIMIT detected. A LIMIT is recommended for queries that may return many documents.,True,,True,,True,,0.0,0.0,True,correct
Q062,Find all bars reviewed by Patrick,complex,multi_hop_graph_filter,,,Mistral,mistral:latest,"FOR u IN Users
    FILTER u.name == ""Patrick""

    FOR r IN 1..1 OUTBOUND u WritesReview
        FOR b IN 1..1 OUTBOUND r ReviewsBusiness

            FILTER b.category_name == ""Bars""

            RETURN DISTINCT {
                business_id: b.business_id,
                name: b.name,
                city: b.city,
                state: b.state,
                rating: b.rating
            }","
FOR u IN Users
    FILTER u.name == ""Patrick""

    FOR r IN 1..1 OUTBOUND u WritesReview
        FOR b IN 1..1 OUTBOUND r ReviewsBusiness

            FOR c IN 1..1 OUTBOUND b BusinessCategory
                FILTER c.category_name == ""Bars""

                RETURN DISTINCT {
                    business_id: b.business_id,
                    name: b.name,
                    city: b.city,
                    state: b.state,
                    rating: b.rating
                }
",4.755797147750855,,False,Unknown attribute 'category_name' in collection 'Businesses'.,No LIMIT detected. A LIMIT is recommended for queries that may return many documents.,True,,False,Rejected by validator,True,,253.0,,False,unknown_attribute
Q063,Find all bars reviewed by Patrick with at least 3 stars,complex,multi_hop_graph_filter,,,Mistral,mistral:latest,"FOR u IN Users
    FILTER u.name == ""Patrick""

    FOR r IN 1..1 OUTBOUND u WritesReview
        FOR b IN 1..1 OUTBOUND r ReviewsBusiness

            FOR c IN 1..1 OUTBOUND b BusinessCategory
                FILTER c.category_name == ""Bars""
                FILTER b.rating >= 3

            RETURN DISTINCT {
                business_id: b.business_id,
                name: b.name,
                rating: b.rating
            }","
FOR u IN Users
    FILTER u.name == ""Patrick""

    FOR r IN 1..1 OUTBOUND u WritesReview
        FOR b IN 1..1 OUTBOUND r ReviewsBusiness

            FILTER b.rating >= 3

            FOR c IN 1..1 OUTBOUND b BusinessCategory
                FILTER c.category_name == ""Bars""

                RETURN DISTINCT {
                    business_id: b.business_id,
                    name: b.name,
                    city: b.city,
                    state: b.state,
                    rating: b.rating
                }
",4.821129560470581,,True,,No LIMIT detected. A LIMIT is recommended for queries that may return many documents.,True,,True,,True,,236.0,236.0,False,semantic_result_mismatch
Q064,Find all bars in Los Angeles with at least 30 reviews,medium,graph_filter,,,Mistral,mistral:latest,"FOR b IN Businesses
    FILTER b.city == ""Los Angeles""
    FILTER b.review_count >= 30
    FILTER EXISTS_EDGE(b, ['ReviewsBusiness']) && EXISTS_EDGE(b, ['BusinessCategory'])
    FOR c IN BusinessCategory OUTBOUND b
        FILTER c.category_name == ""Bars""
    RETURN DISTINCT {
        business_id: b.business_id,
        name: b.name,
        rating: b.rating,
        review_count: b.review_count
    }","
FOR b IN Businesses
    FILTER b.city == ""Los Angeles""
    FILTER b.review_count >= 30

    FOR c IN 1..1 OUTBOUND b BusinessCategory
        FILTER c.category_name == ""Bars""

        RETURN DISTINCT {
            business_id: b.business_id,
            name: b.name,
            rating: b.rating,
            review_count: b.review_count
        }
",5.477942228317261,,False,Unknown attribute 'category_name' in collection 'BusinessCategory'.,No LIMIT detected. A LIMIT is recommended for queries that may return many documents.,True,,False,Rejected by validator,True,,0.0,,False,unknown_attribute
Q065,Find all bars in Los Angeles with at least 30 reviews and average rating above 3 stars,medium,graph_filter,,,Mistral,mistral:latest,"FOR b IN Businesses
    FILTER b.city == ""Los Angeles""
    FILTER b.review_count >= 30
    LET avg_rating = (
        FOR r IN 1..1 OUTBOUND b ReviewsBusiness
            SUM r.rating
        RETURN AVG(DATA)
    )
    FILTER avg_rating > 3

    FOR c IN 1..1 OUTBOUND b BusinessCategory
        FILTER c.category_name == ""Bars""

        RETURN DISTINCT {
            business_id: b.business_id,
            name: b.name,
            rating: avg_rating
        }","
FOR b IN Businesses
    FILTER b.city == ""Los Angeles""
    FILTER b.review_count >= 30
    FILTER b.rating > 3

    FOR c IN 1..1 OUTBOUND b BusinessCategory
        FILTER c.category_name == ""Bars""

        RETURN DISTINCT {
            business_id: b.business_id,
            name: b.name,
            rating: b.rating,
            review_count: b.review_count
        }
",5.588570594787598,,True,,,True,,False,"[HTTP 400][ERR 1501] unexpected qualifier 'SUM', expecting 'PRUNE' or 'OPTIONS' near 'RETURN AVG(DATA)
    )
    FILTE...' at position 7:9",True,,0.0,,False,execution_error
Q066,How many Egyptian restaurants are there in Edinburgh?,medium,graph_count,,,Mistral,mistral:latest,"FOR b IN Businesses
    FILTER b.city == ""Edinburgh""

    LET categories = (
        FOR c IN 1..1 OUTBOUND b BusinessCategory
            FILTER c.category_name == ""Egyptian""
            RETURN DISTINCT c.business_id
    )

    RETURN LENGTH(categories)","
LET restaurants = (
    FOR b IN Businesses
        FILTER b.city == ""Edinburgh""

        LET categories = (
            FOR c IN 1..1 OUTBOUND b BusinessCategory
                RETURN c.category_name
        )

        FILTER ""Egyptian"" IN categories
        FILTER ""Restaurants"" IN categories

        RETURN DISTINCT b._id
)

RETURN LENGTH(restaurants)
",3.464160919189453,,True,,,True,,True,,True,,1.0,3358.0,False,semantic_result_mismatch
Q067,Find the average number of checkins in restaurant Barrio Café per day,advanced,graph_group_aggregation,,,Mistral,mistral:latest,"LET values = (
    FOR b IN Businesses
        FILTER b.name == ""Barrio Café""
        FILTER ""Restaurants"" IN (
            FOR c IN 1..1 OUTBOUND b BusinessCategory
                RETURN c.category_name
        )

        FOR ch IN 1..1 OUTBOUND b BusinessCheckin
            COLLECT day = ch.day
            AGGREGATE total_checkins = SUM(ch.count)
            AGGREGATE count = COUNT(ch)

            SORT day

            RETURN {day: day, checkins: total_checkins}
)

LET total = 0
LET count = 0
FOR v IN values
    total = total + v.checkins
    count = count + 1

RETURN total / count","
FOR b IN Businesses
    FILTER b.name IN [""Barrio Café"", ""Barrio Cafe""]

    FOR ch IN 1..1 OUTBOUND b BusinessCheckin

        COLLECT day = ch.day
        AGGREGATE total_checkins = SUM(ch.count)

        COLLECT AGGREGATE average_checkins = AVERAGE(total_checkins)

        RETURN average_checkins
",6.80718994140625,,False,Unknown collection(s): values,No LIMIT detected. A LIMIT is recommended for queries that may return many documents.,True,,False,Rejected by validator,True,,1.0,,False,unknown_collection
Q068,Which Indian restaurant in Dallas has the highest rating?,advanced,graph_filter_sort_limit,,,Mistral,mistral:latest,"FOR b IN Businesses
    FILTER b.city == ""Dallas""
    LET categories = (
        FOR c IN 1..1 OUTBOUND b BusinessCategory
            RETURN c.category_name
    )
    FILTER ""Indian"" IN categories
    FILTER ""Restaurants"" IN categories
    SORT b.rating DESC
    LIMIT 1
    RETURN {
        business_id: b.business_id,
        name: b.name,
        rating: b.rating
    }","
FOR b IN Businesses
    FILTER b.city == ""Dallas""

    LET categories = (
        FOR c IN 1..1 OUTBOUND b BusinessCategory
            RETURN c.category_name
    )

    FILTER ""Indian"" IN categories
    FILTER ""Restaurants"" IN categories

    SORT b.rating DESC
    LIMIT 1

    RETURN {
        business_id: b.business_id,
        name: b.name,
        rating: b.rating,
        review_count: b.review_count
    }
",5.067432880401611,,True,,,True,,True,,True,,0.0,0.0,True,correct
Q069,Which restaurants in Dallas were reviewed by user Patrick?,complex,multi_hop_graph_filter,,,Mistral,mistral:latest,"FOR u IN Users
    FILTER u.name == ""Patrick""

    FOR r IN 1..1 OUTBOUND u WritesReview
        FOR b IN 1..1 OUTBOUND r ReviewsBusiness

            FILTER b.city == ""Dallas""

            RETURN DISTINCT {
                business_id: b.business_id,
                name: b.name
            }","
FOR u IN Users
    FILTER u.name == ""Patrick""

    FOR r IN 1..1 OUTBOUND u WritesReview
        FOR b IN 1..1 OUTBOUND r ReviewsBusiness

            FILTER b.city == ""Dallas""

            LET categories = (
                FOR c IN 1..1 OUTBOUND b BusinessCategory
                    RETURN c.category_name
            )

            FILTER ""Restaurants"" IN categories

            RETURN DISTINCT {
                business_id: b.business_id,
                name: b.name,
                rating: b.rating
            }
",4.173697710037232,,True,,No LIMIT detected. A LIMIT is recommended for queries that may return many documents.,True,,True,,True,,0.0,0.0,True,correct
Q070,How many businesses are there in the Stone Meadows neighborhood in Madison?,medium,graph_count,,,Mistral,mistral:latest,"FOR b IN Businesses
    FILTER b.city == ""Madison""
    FILTER EXISTS INBOUND b BusinessNeighborhood
    FILTER n.neighborhood_name == ""Stone Meadows""
    RETURN COUNT(b)","
LET businesses = (
    FOR b IN Businesses
        FILTER b.city == ""Madison""

        FOR n IN 1..1 OUTBOUND b BusinessNeighborhood
            FILTER n.neighborhood_name == ""Stone Meadows""

            RETURN DISTINCT b._id
)

RETURN LENGTH(businesses)
",3.0210554599761963,,True,,,True,,False,"[HTTP 400][ERR 1501] syntax error, unexpected inbound modifier near 'INBOUND b BusinessNeighborhood
 ...' at position 3:19",True,,1.0,,False,execution_error
Q071,Find all users who have written tips for Barrio Café in 2015,complex,multi_hop_graph_filter,,,Mistral,mistral:latest,"FOR b IN Businesses
    FILTER b.name == ""Barrio Café""
    FILTER b.year == 2015

    FOR t IN 1..1 INBOUND b TipsBusiness
        FOR u IN 1..1 INBOUND t WritesTip

            RETURN DISTINCT {
                user_id: u.user_id,
                name: u.name
            }","
FOR b IN Businesses
    FILTER b.name IN [""Barrio Café"", ""Barrio Cafe""]

    FOR t IN 1..1 INBOUND b TipsBusiness
        FILTER t.year == 2015

        FOR u IN 1..1 INBOUND t WritesTip

            RETURN DISTINCT {
                user_id: u.user_id,
                name: u.name
            }
",4.327010631561279,,False,Unknown attribute 'year' in collection 'Businesses'.,No LIMIT detected. A LIMIT is recommended for queries that may return many documents.,True,,False,Rejected by validator,True,,17.0,,False,unknown_attribute
Q072,Find all businesses in Texas with a rating below 2,simple,document_filter,,,Mistral,mistral:latest,"FOR b IN Businesses
FILTER b.state == ""Texas""
FILTER b.rating < 2
RETURN b

Note: This query only returns the Business document itself and does not include other fields like city, state, etc. If you need to include those fields, you can adjust the `RETURN` statement accordingly. However, the question does not explicitly ask for those fields, so I've kept the `RETURN` statement as it is for now.","
FOR b IN Businesses
    FILTER b.state == ""Texas""
    FILTER b.rating < 2

    RETURN {
        business_id: b.business_id,
        name: b.name,
        city: b.city,
        rating: b.rating
    }
",3.965693950653076,,True,,No LIMIT detected. A LIMIT is recommended for queries that may return many documents.,True,,False,"[HTTP 400][ERR 1501] syntax error, unexpected identifier, expecting end of query string near 'Note: This query only returns th...' at position 6:1",True,,0.0,,False,execution_error
Q073,Find all restaurants that serve seafood in Los Angeles,medium,graph_filter,,,Mistral,mistral:latest,"FOR b IN Businesses
    LET categories = (
        FOR c IN 1..1 OUTBOUND b BusinessCategory
            RETURN c.category_name
    )

    FILTER ""Restaurants"" IN categories
    FILTER ""Seafood"" IN (
        FOR cat IN categories
        FILTER cat == ""Seafood""
    )

    FILTER b.city == ""Los Angeles""
    RETURN DISTINCT b","
FOR b IN Businesses
    FILTER b.city == ""Los Angeles""

    LET categories = (
        FOR c IN 1..1 OUTBOUND b BusinessCategory
            RETURN c.category_name
    )

    FILTER ""Seafood"" IN categories
    FILTER ""Restaurants"" IN categories

    RETURN {
        business_id: b.business_id,
        name: b.name,
        rating: b.rating
    }
",6.747445583343506,,False,Unknown collection(s): categories,No LIMIT detected. A LIMIT is recommended for queries that may return many documents.,True,,False,Rejected by validator,True,,0.0,,False,unknown_collection
Q074,Which Indian restaurant in Dallas has the most number of reviews?,advanced,graph_filter_sort_limit,,,Mistral,mistral:latest,"FOR b IN Businesses
    FILTER b.city == ""Dallas""

    LET categories = (
        FOR c IN 1..1 OUTBOUND b BusinessCategory
            RETURN c.category_name
    )

    FILTER ""Indian"" IN categories

    SORT b.review_count DESC
    LIMIT 1

    RETURN {
        business_id: b.business_id,
        name: b.name,
        review_count: b.review_count
    }","
FOR b IN Businesses
    FILTER b.city == ""Dallas""

    LET categories = (
        FOR c IN 1..1 OUTBOUND b BusinessCategory
            RETURN c.category_name
    )

    FILTER ""Indian"" IN categories
    FILTER ""Restaurants"" IN categories

    SORT b.review_count DESC
    LIMIT 1

    RETURN {
        business_id: b.business_id,
        name: b.name,
        rating: b.rating,
        review_count: b.review_count
    }
",5.243819236755371,,True,,,True,,True,,True,,0.0,0.0,True,correct
Q075,Which Italian restaurant in Dallas has the highest rating?,advanced,graph_filter_sort_limit,,,Mistral,mistral:latest,"FOR b IN Businesses
    FILTER b.city == ""Dallas""
    LET categories = (
        FOR c IN 1..1 OUTBOUND b BusinessCategory
            RETURN c.category_name
    )
    FILTER ""Italian"" IN categories
    FILTER ""Restaurants"" IN categories
    SORT b.rating DESC
    LIMIT 1
    RETURN {
        business_id: b.business_id,
        name: b.name,
        rating: b.rating,
        review_count: b.review_count
    }","
FOR b IN Businesses
    FILTER b.city == ""Dallas""

    LET categories = (
        FOR c IN 1..1 OUTBOUND b BusinessCategory
            RETURN c.category_name
    )

    FILTER ""Italian"" IN categories
    FILTER ""Restaurants"" IN categories

    SORT b.rating DESC
    LIMIT 1

    RETURN {
        business_id: b.business_id,
        name: b.name,
        rating: b.rating,
        review_count: b.review_count
    }
",5.667965650558472,,True,,,True,,True,,True,,0.0,0.0,True,correct
Q076,How many bars in Dallas have a rating above 3.5?,medium,graph_count,,,Mistral,mistral:latest,"FOR b IN Businesses
    FILTER b.city == ""Dallas""
    FILTER b.rating > 3.5
    FILTER EXISTS(
        FOR c IN 1..1 OUTBOUND b BusinessCategory
            FILTER c.category_name == ""Bars""
    )
    RETURN COUNT()","
LET bars = (
    FOR b IN Businesses
        FILTER b.city == ""Dallas""
        FILTER b.rating > 3.5

        FOR c IN 1..1 OUTBOUND b BusinessCategory
            FILTER c.category_name == ""Bars""

            RETURN DISTINCT b._id
)

RETURN LENGTH(bars)
",4.3654890060424805,,True,,,True,,False,"[HTTP 400][ERR 1501] syntax error, unexpected ) near ')
    RETURN COUNT()' at position 7:5",True,,1.0,,False,execution_error
Q077,What is the number of businesses user Michelle reviews per month?,complex,graph_group_count,,,Mistral,mistral:latest,"LET reviewsPerMonth = (
    FOR u IN Users
        FILTER u.name == ""Michelle""

        FOR r IN 1..1 OUTBOUND u WritesReview
            SORT r.year, r.month
            RETURN {month: r.month, count: LENGTH(r._id)}
)

LET groupedReviews = (
    FOR rev IN reviewsPerMonth
        LET month = rev.month
        LET count = rev.count

        UPsert {month: month, count: count} IN Neighborhoods
        RETURN NULL
)

RETURN FOR d IN Neighborhoods
    FILTER d.month == (CURRENT_MONTH || '01')
    SORT d.month
    RETURN {month: d.month, count: d.count}","
FOR u IN Users
    FILTER u.name == ""Michelle""

    FOR r IN 1..1 OUTBOUND u WritesReview

        COLLECT month = r.month
        AGGREGATE business_count = COUNT_DISTINCT(r.business_id)

        SORT month ASC

        RETURN {
            month: month,
            business_count: business_count
        }
",7.504090785980225,,False,Forbidden operation(s): UPSERT | Unknown collection(s): reviewsPerMonth | Unknown attribute 'month' in collection 'Neighborhoods'. | Unknown attribute 'month' in collection 'Neighborhoods'. | Unknown attribute 'month' in collection 'Neighborhoods'. | Unknown attribute 'count' in collection 'Neighborhoods'.,No LIMIT detected. A LIMIT is recommended for queries that may return many documents.,True,,False,Rejected by validator,True,,12.0,,False,unknown_collection
Q078,Find all pet hospices in Pittsburgh,medium,graph_filter,,,Mistral,mistral:latest,"LET businesses = (
    FOR b IN Businesses
        FILTER b.city == ""Pittsburgh""

        FOR c IN 1..1 OUTBOUND b BusinessCategory
            FILTER c.category_name == ""Pet Hospices""
            RETURN DISTINCT b._id
)

RETURN LENGTH(businesses)","
FOR b IN Businesses

    FOR c IN 1..1 OUTBOUND b BusinessCategory
        FILTER LOWER(c.category_name) IN [
            ""pet hospice"",
            ""pet hospices""
        ]

        FILTER b.city == ""Pittsburgh""

        RETURN DISTINCT {
            business_id: b.business_id,
            name: b.name,
            rating: b.rating
        }
",4.081515789031982,,True,,,True,,True,,True,,0.0,1.0,False,semantic_result_mismatch
Q079,How many reviews has Adrienne written?,medium,graph_count,,,Mistral,mistral:latest,"LET reviews = (
    FOR u IN Users
        FILTER u.name == ""Adrienne""

        FOR r IN 1..1 OUTBOUND u WritesReview
            RETURN DISTINCT r._id
)

RETURN LENGTH(reviews)","
LET reviews = (
    FOR u IN Users
        FILTER u.name == ""Adrienne""

        FOR r IN 1..1 OUTBOUND u WritesReview
            RETURN DISTINCT r._id
)

RETURN LENGTH(reviews)
",3.4817051887512207,,True,,,True,,True,,True,,1.0,1.0,True,correct
Q080,How many reviews has Michelle written in March 2014?,medium,graph_count,,,Mistral,mistral:latest,"LET reviews = (
    FOR u IN Users
        FILTER u.name == ""Michelle""

        FOR r IN 1..1 OUTBOUND u WritesReview
            FILTER r.year == 2014 AND r.month == 3
            RETURN DISTINCT r._id
)

RETURN LENGTH(reviews)","
LET reviews = (
    FOR u IN Users
        FILTER u.name == ""Michelle""

        FOR r IN 1..1 OUTBOUND u WritesReview
            FILTER r.year == 2014
            FILTER r.month == 3
                OR LOWER(TO_STRING(r.month)) == ""march""

            RETURN DISTINCT r._id
)

RETURN LENGTH(reviews)
",4.103195905685425,,True,,,True,,True,,True,,1.0,1.0,False,semantic_result_mismatch
Q081,How many businesses has Michelle reviewed in 2010?,advanced,graph_count_distinct_businesses,,,Mistral,mistral:latest,"LET reviews = (
    FOR u IN Users
        FILTER u.name == ""Michelle""

        FOR r IN 1..1 OUTBOUND u WritesReview
            FILTER r.year == 2010
            RETURN DISTINCT r._id
)

RETURN LENGTH(filter reviews BY INBOUND _from/Businesses/business_id)","
LET businesses = (
    FOR u IN Users
        FILTER u.name == ""Michelle""

        FOR r IN 1..1 OUTBOUND u WritesReview
            FILTER r.year == 2010
            RETURN DISTINCT r.business_id
)

RETURN LENGTH(businesses)
",4.598647594451904,,True,,,True,,False,"[HTTP 400][ERR 1501] syntax error, unexpected identifier near 'BY INBOUND _from/Businesses/busi...' at position 10:30",True,,1.0,,False,execution_error
Q082,How many businesses in San Diego has Christine reviewed in 2010?,complex,multi_hop_graph_count,,,Mistral,mistral:latest,"LET reviews = (
    FOR u IN Users
        FILTER u.name == ""Christine""

        FOR r IN 1..1 OUTBOUND u WritesReview
            FILTER r.year == 2010
            FILTER r.business_id._key.city == ""San Diego""
            RETURN DISTINCT r.business_id._key
)

RETURN LENGTH(reviews)","
LET businesses = (
    FOR u IN Users
        FILTER u.name == ""Christine""

        FOR r IN 1..1 OUTBOUND u WritesReview
            FILTER r.year == 2010

            FOR b IN 1..1 OUTBOUND r ReviewsBusiness
                FILTER b.city == ""San Diego""
                RETURN DISTINCT b._id
)

RETURN LENGTH(businesses)
",4.923889875411987,,True,,,True,,True,,True,,1.0,1.0,True,correct
Q083,Find all reviews by Patrick with a rating above 4,medium,graph_filter,,,Mistral,mistral:latest,"FOR u IN Users
    FILTER u.name == ""Patrick""

    FOR r IN 1..INFINITY OUTBOUND u WritesReview
        FILTER r.rating > 4

        RETURN {
            review_id: r.rid,
            business_id: r.business_id,
            rating: r.rating
        }","
FOR u IN Users
    FILTER u.name == ""Patrick""

    FOR r IN 1..1 OUTBOUND u WritesReview
        FILTER r.rating > 4

        RETURN DISTINCT {
            review_id: r.rid,
            user_id: r.user_id,
            business_id: r.business_id,
            rating: r.rating,
            text: r.text,
            year: r.year
        }
",4.329005718231201,,True,,No LIMIT detected. A LIMIT is recommended for queries that may return many documents.,True,,False,[HTTP 404][ERR 1203] collection or view not found: INFINITY,True,,825.0,,False,execution_error
Q084,Find all bistros in Pittsburgh,medium,graph_filter,,,Mistral,mistral:latest,"FOR b IN Businesses
FILTER b.city == ""Pittsburgh""
LET categories = (
    FOR c IN 1..1 OUTBOUND b BusinessCategory
        RETURN c.category_name
)
FILTER ""Bistros"" IN categories
RETURN DISTINCT {
    business_id: b.business_id,
    name: b.name,
    city: b.city,
    rating: b.rating
}","
FOR b IN Businesses
    FILTER b.city == ""Pittsburgh""

    FOR c IN 1..1 OUTBOUND b BusinessCategory
        FILTER c.category_name == ""Bistros""

        RETURN DISTINCT {
            business_id: b.business_id,
            name: b.name,
            rating: b.rating
        }
",4.842204332351685,,True,,No LIMIT detected. A LIMIT is recommended for queries that may return many documents.,True,,True,,True,,0.0,0.0,True,correct
Q085,Find all bakeries in Los Angeles,medium,graph_filter,,,Mistral,mistral:latest,"FOR b IN Businesses
    FILTER b.city == ""Los Angeles""

    LET categories = (
        FOR c IN 1..1 OUTBOUND b BusinessCategory
            RETURN c.category_name
    )

    FILTER ""Bakeries"" IN categories

    RETURN DISTINCT b.business_id, b.name, b.rating","
FOR b IN Businesses
    FILTER b.city == ""Los Angeles""

    FOR c IN 1..1 OUTBOUND b BusinessCategory
        FILTER c.category_name == ""Bakeries""

        RETURN DISTINCT {
            business_id: b.business_id,
            name: b.name,
            rating: b.rating
        }
",4.248096466064453,,True,,No LIMIT detected. A LIMIT is recommended for queries that may return many documents.,True,,False,"[HTTP 400][ERR 1501] syntax error, unexpected "","", expecting end of query string near ', b.name, b.rating' at position 11:34",True,,0.0,,False,execution_error
Q086,Find all Apple stores in Los Angeles,medium,document_filter,,,Mistral,mistral:latest,"FOR b IN Businesses
    FILTER b.city == ""Los Angeles""
    FILTER b.name == ""Apple Store""
    RETURN DISTINCT b.full_address","
FOR b IN Businesses
    FILTER b.city == ""Los Angeles""
    FILTER CONTAINS(LOWER(b.name), ""apple"")

    RETURN DISTINCT {
        business_id: b.business_id,
        name: b.name,
        full_address: b.full_address
    }
",2.66537880897522,,True,,No LIMIT detected. A LIMIT is recommended for queries that may return many documents.,False,full_address,False,Blocked by PrivacyFilter,True,,0.0,,False,privacy_blocked
Q087,How many Target are there in Los Angeles?,simple,document_count,,,Mistral,mistral:latest,"FOR b IN Businesses
    FILTER b.name == ""Target""
    FILTER b.city == ""Los Angeles""

    RETURN LENGTH(b._id)","
RETURN LENGTH(
    FOR b IN Businesses
        FILTER b.city == ""Los Angeles""
        FILTER b.name == ""Target""
        RETURN b._id
)
",2.770387887954712,,True,,,True,,True,,True,,1.0,0.0,False,semantic_result_mismatch
Q088,How many users have reviewed Irish pubs in Dallas?,complex,multi_hop_graph_count,,,Mistral,mistral:latest,"FOR u IN Users
    FOR r IN 1..INFINITY OUTBOUND u WritesReview
        FOR b IN 1..1 OUTBOUND r ReviewsBusiness

            FILTER b.city == ""Dallas""

            LET categories = (
                FOR c IN 1..1 OUTBOUND b BusinessCategory
                    RETURN c.category_name
            )

            FILTER ""Irish Pub"" IN categories AND ""Pubs"" IN categories

            RETURN DISTINCT u._id

    LIMIT 1

COUNT IN length

To count the number of distinct users, the LIMIT 1 in the outer loop of the traversal is set to 1 instead of INFINITY. This ensures that only one user is returned for each review, and the count is accurate. The count is performed using the COUNT IN length function, which counts the number of elements in an array-like collection.","
LET users = (
    FOR b IN Businesses
        FILTER b.city == ""Dallas""

        LET categories = (
            FOR c IN 1..1 OUTBOUND b BusinessCategory
                RETURN c.category_name
        )

        FILTER ""Irish Pub"" IN categories
            OR ""Irish Pubs"" IN categories

        FOR r IN 1..1 INBOUND b ReviewsBusiness
            FOR u IN 1..1 INBOUND r WritesReview
                RETURN DISTINCT u._id
)

RETURN LENGTH(users)
",8.648486852645874,,True,,,True,,False,"[HTTP 400][ERR 1501] syntax error, unexpected LIMIT declaration, expecting end of query string near 'LIMIT 1

COUNT IN length

To cou...' at position 16:5",True,,1.0,,False,execution_error
Q089,Find users whose average review rating is below 3,advanced,graph_group_aggregation,,,Mistral,mistral:latest,"FOR u IN Users
LET ratings = (
    FOR r IN 1..1 OUTBOUND u WritesReview
        RETURN r.rating
)
LET average_rating = AVERAGE(ratings)
FILTER average_rating < 3
RETURN {
    user_id: u.uid,
    name: u.name
}","
FOR u IN Users

    LET ratings = (
        FOR r IN 1..1 OUTBOUND u WritesReview
            RETURN r.rating
    )

    FILTER LENGTH(ratings) > 0

    LET avg_rating = AVERAGE(ratings)

    FILTER avg_rating < 3

    RETURN {
        user_id: u.user_id,
        name: u.name,
        average_rating: avg_rating
    }
",3.795717000961304,,True,,No LIMIT detected. A LIMIT is recommended for queries that may return many documents.,True,,False,"HTTPConnectionPool(host='localhost', port=8529): Read timed out. (read timeout=60)",False,"HTTPConnectionPool(host='localhost', port=8529): Read timed out. (read timeout=60)",,,False,execution_error
Q090,Find all Dallas restaurants with a rating above 4.5,medium,graph_filter,,,Mistral,mistral:latest,"FOR b IN Businesses
    FILTER b.city == ""Dallas""
    FILTER b.rating > 4.5
    RETURN b","
FOR b IN Businesses
    FILTER b.city == ""Dallas""
    FILTER b.rating > 4.5

    FOR c IN 1..1 OUTBOUND b BusinessCategory
        FILTER c.category_name == ""Restaurants""

        RETURN DISTINCT {
            business_id: b.business_id,
            name: b.name,
            rating: b.rating
        }
",4.215149879455566,,True,,No LIMIT detected. A LIMIT is recommended for queries that may return many documents.,True,,True,,True,,0.0,0.0,True,correct
Q091,Find all breweries in Los Angeles,medium,graph_filter,,,Mistral,mistral:latest,"FOR b IN Businesses
FILTER b.city == ""Los Angeles""

FOR c IN 1..1 OUTBOUND b BusinessCategory
FILTER c.category_name == ""Breweries""

RETURN DISTINCT {
    business_id: b.business_id,
    name: b.name
}","
FOR b IN Businesses
    FILTER b.city == ""Los Angeles""

    FOR c IN 1..1 OUTBOUND b BusinessCategory
        FILTER c.category_name == ""Breweries""

        RETURN DISTINCT {
            business_id: b.business_id,
            name: b.name,
            rating: b.rating
        }
",3.3805720806121826,,True,,No LIMIT detected. A LIMIT is recommended for queries that may return many documents.,True,,True,,True,,0.0,0.0,True,correct
Q092,What neighborhood is restaurant Flat Top Grill in?,medium,graph_lookup,,,Mistral,mistral:latest,"FOR b IN Businesses
    FILTER b.name == ""Flat Top Grill""

    LET neighborhood = (
        FOR n IN 1..1 OUTBOUND b BusinessNeighborhood
            RETURN n.neighborhood_name
    )

    RETURN neighborhood[0]","
FOR b IN Businesses
    FILTER b.name == ""Flat Top Grill""

    FOR n IN 1..1 OUTBOUND b BusinessNeighborhood
        RETURN DISTINCT n.neighborhood_name
",3.675112724304199,,True,,No LIMIT detected. A LIMIT is recommended for queries that may return many documents.,True,,True,,True,,0.0,2.0,False,semantic_result_mismatch
Q093,List all user ids with name Michelle,simple,document_filter,,,Mistral,mistral:latest,"RETURN LENGTH(
    FOR u IN Users
        FILTER u.name == ""Michelle""
        RETURN u._id
)","
FOR u IN Users
    FILTER u.name == ""Michelle""
    RETURN DISTINCT u.user_id
",2.765850782394409,,True,,,True,,True,,True,,3700.0,1.0,False,semantic_result_mismatch
Q094,Find all tips about Vintner Grill that received more than 9 likes,advanced,graph_filter,,,Mistral,mistral:latest,"LET tips = (
    FOR t IN Tips
        FOR b IN 1..1 OUTBOUND t TipsBusiness
            FILTER b.business_id == ""Vintner Grill""
            FILTER t.likes > 9
            RETURN DISTINCT t
)

RETURN tips","
FOR b IN Businesses
    FILTER b.name == ""Vintner Grill""

    FOR t IN 1..1 INBOUND b TipsBusiness
        FILTER t.likes > 9

        RETURN DISTINCT {
            tip_id: t.tip_id,
            user_id: t.user_id,
            likes: t.likes,
            text: t.text,
            year: t.year
        }
",3.595417261123657,,True,,No LIMIT detected. A LIMIT is recommended for queries that may return many documents.,True,,True,,True,,0.0,1.0,False,semantic_result_mismatch
Q095,Find all reviews about Kabob Palace in year 2014,advanced,graph_filter,,,Mistral,mistral:latest,"FOR r IN Reviews
    FILTER r.business_id IN (
        FOR b IN Businesses
            FILTER b.name == ""Kabob Palace""
            FOR c IN 1..1 OUTBOUND b ReviewsBusiness
                FILTER c._key == r._id
                RETURN b.business_id
    )
    FILTER r.year == 2014
    RETURN r","
FOR b IN Businesses
    FILTER b.name == ""Kabob Palace""

    FOR r IN 1..1 INBOUND b ReviewsBusiness
        FILTER r.year == 2014

        RETURN DISTINCT {
            review_id: r.rid,
            user_id: r.user_id,
            rating: r.rating,
            text: r.text
        }
",6.394410133361816,,True,,No LIMIT detected. A LIMIT is recommended for queries that may return many documents.,True,,False,"HTTPConnectionPool(host='localhost', port=8529): Read timed out. (read timeout=60)",True,,0.0,,False,execution_error
Q096,What is the average rating of reviews written in year 2014?,simple,document_aggregation,,,Mistral,mistral:latest,"LET reviews_2014 = (
    FOR r IN Reviews
        FILTER r.year == 2014

        RETURN r.rating
)

RETURN AVERAGE(reviews_2014)","
LET ratings = (
    FOR r IN Reviews
        FILTER r.year == 2014
        RETURN r.rating
)

RETURN AVERAGE(ratings)
",3.034941911697388,,True,,No LIMIT detected. A LIMIT is recommended for queries that may return many documents.,True,,True,,True,,1.0,1.0,True,correct
Q097,How many people reviewed restaurant Vintner Grill in 2010?,advanced,graph_count,,,Mistral,mistral:latest,"LET reviews = (
    FOR b IN Businesses
        FILTER b.name == ""Vintner Grill""

    LET categories = (
        FOR c IN 1..1 OUTBOUND b BusinessCategory
            RETURN c.category_name
    )

    FILTER ""Restaurants"" IN categories

    FOR r IN 1..1 INBOUND b ReviewsBusiness
        FILTER r.year == 2010
        RETURN DISTINCT r._id
)

RETURN LENGTH(reviews)","
LET reviews = (
    FOR b IN Businesses
        FILTER b.name == ""Vintner Grill""

        FOR r IN 1..1 INBOUND b ReviewsBusiness
            FILTER r.year == 2010
            RETURN DISTINCT r._id
)

RETURN LENGTH(reviews)
",5.512680292129517,,True,,,True,,True,,True,,1.0,1.0,True,correct
Q098,Find all users who have written tips about businesses in Dallas,complex,multi_hop_graph_filter,,,Mistral,mistral:latest,"FOR b IN Businesses
FILTER b.city == ""Dallas""

FOR t IN 1..1 INBOUND b TipsBusiness
    FOR u IN 1..1 INBOUND t WritesTip

    RETURN DISTINCT {
        user_id: u.user_id,
        name: u.name
    }","
FOR b IN Businesses
    FILTER b.city == ""Dallas""

    FOR t IN 1..1 INBOUND b TipsBusiness
        FOR u IN 1..1 INBOUND t WritesTip

            RETURN DISTINCT {
                user_id: u.user_id,
                name: u.name
            }
",4.050607681274414,,True,,No LIMIT detected. A LIMIT is recommended for queries that may return many documents.,True,,True,,True,,277.0,277.0,True,correct
Q099,Find all states in which there is a Whataburger,simple,document_projection,,,Mistral,mistral:latest,"FOR b IN Businesses
    FILTER b.name == ""Whataburger""
    RETURN DISTINCT b.state","
FOR b IN Businesses
    FILTER b.name == ""Whataburger""
    RETURN DISTINCT b.state
",2.2092108726501465,,True,,No LIMIT detected. A LIMIT is recommended for queries that may return many documents.,True,,True,,True,,1.0,1.0,True,correct
Q100,Find all cities in which there is a restaurant callled MGM Grand Buffet,simple,document_projection,,,Mistral,mistral:latest,"FOR b IN Businesses
    FILTER b.name == ""MGM Grand Buffet""
    FILTER b.is_open == true
    FILTER b.rating > 0
    RETURN DISTINCT b.city","
FOR b IN Businesses
    FILTER b.name == ""MGM Grand Buffet""
    RETURN DISTINCT b.city
",2.716075897216797,,True,,No LIMIT detected. A LIMIT is recommended for queries that may return many documents.,True,,True,,True,,1.0,0.0,False,semantic_result_mismatch
Q101,Find all cities in Texas in which there is a restaurant callled MGM Grand Buffet,simple,document_projection_filter,,,Mistral,mistral:latest,"FOR b IN Businesses
    FILTER b.name == ""MGM Grand Buffet"" AND b.state == ""Texas""
    RETURN DISTINCT b.city","
FOR b IN Businesses
    FILTER b.name == ""MGM Grand Buffet""
    FILTER b.state == ""Texas""
    RETURN DISTINCT b.city
",2.4098002910614014,,True,,No LIMIT detected. A LIMIT is recommended for queries that may return many documents.,True,,True,,True,,0.0,0.0,True,correct
Q102,Find the number of reviews on businesses located in South Summerlin neighborhood,advanced,multi_relation_graph_count,,,Mistral,mistral:latest,"FOR b IN Businesses
    FILTER b.city == ""Las Vegas"" AND b.full_address CONTAINS ""South Summerlin""

    LET reviews = (
        FOR r IN 1..INFINITY OUTBOUND b ReviewsBusiness
    )

    RETURN LENGTH(reviews)","
LET reviews = (
    FOR b IN Businesses

        FOR n IN 1..1 OUTBOUND b BusinessNeighborhood
            FILTER n.neighborhood_name == ""South Summerlin""

            FOR r IN 1..1 INBOUND b ReviewsBusiness
                RETURN DISTINCT r._id
)

RETURN LENGTH(reviews)
",3.889323711395264,,True,,,False,full_address,False,Blocked by PrivacyFilter,True,,1.0,,False,privacy_blocked
Q103,How many escape games are there in Madison?,medium,graph_count,,,Mistral,mistral:latest,"FOR b IN Businesses
    FILTER b.city == ""Madison""

    LET categories = (
        FOR c IN 1..1 OUTBOUND b BusinessCategory
            RETURN c.category_name
    )

    FILTER ""Escape Games"" IN categories

    RETURN DISTINCT b._id","
LET businesses = (
    FOR b IN Businesses
        FILTER b.city == ""Madison""

        FOR c IN 1..1 OUTBOUND b BusinessCategory
            FILTER c.category_name IN [
                ""Escape Games"",
                ""Escape Game""
            ]

            RETURN DISTINCT b._id
)

RETURN LENGTH(businesses)
",3.8874218463897705,,True,,No LIMIT detected. A LIMIT is recommended for queries that may return many documents.,True,,True,,True,,1.0,3.0,False,semantic_result_mismatch
Q104,Find the users who have given tips on pet groomers,complex,multi_hop_graph,,,Mistral,mistral:latest,"FOR u IN Users
    FOR t IN OUTBOUND u WritesTip
        FOR b IN 1..1 OUTBOUND t TipsBusiness
            FOR c IN 1..1 OUTBOUND b BusinessCategory
                FILTER c.category_name == ""Pet Groomers""
                RETURN DISTINCT {
                    user_id: u.user_id,
                    name: u.name
                }","
FOR b IN Businesses

    FOR c IN 1..1 OUTBOUND b BusinessCategory
        FILTER c.category_name == ""Pet Groomers""

        FOR t IN 1..1 INBOUND b TipsBusiness
            FOR u IN 1..1 INBOUND t WritesTip

                RETURN DISTINCT {
                    user_id: u.user_id,
                    name: u.name
                }
",4.806578397750855,,False,Unknown collection(s): OUTBOUND,No LIMIT detected. A LIMIT is recommended for queries that may return many documents.,True,,False,Rejected by validator,True,,1095.0,,False,unknown_collection
Q105,List all reviews for bistros with rating less than 1.5,complex,multi_hop_graph_filter,,,Mistral,mistral:latest,"FOR r IN 1..INFINITY ReviewsBusiness
    LET business = (
        FOR b IN Businesses
            FILTER r._from == b._id
            FILTER b.name CONTAINS ""Bistro""
            FILTER b.rating < 1.5
            RETURN b
    )
    FILTER UNSET(business) == NULL
    RETURN r","
FOR b IN Businesses
    FILTER b.rating < 1.5

    FOR c IN 1..1 OUTBOUND b BusinessCategory
        FILTER c.category_name == ""Bistros""

        FOR r IN 1..1 INBOUND b ReviewsBusiness

            RETURN DISTINCT {
                review_id: r.rid,
                user_id: r.user_id,
                business_id: r.business_id,
                rating: r.rating,
                text: r.text,
                year: r.year
            }
",4.674819946289063,,True,,No LIMIT detected. A LIMIT is recommended for queries that may return many documents.,True,,False,"[HTTP 400][ERR 1501] syntax error, unexpected LET declaration near 'LET business = (
        FOR b I...' at position 2:5",True,,0.0,,False,execution_error
Q106,Find the number of users called Michelle,simple,document_count,,,Mistral,mistral:latest,"FOR u IN Users
    FILTER u.name == ""Michelle""
    RETURN LENGTH(u)","
RETURN LENGTH(
    FOR u IN Users
        FILTER u.name == ""Michelle""
        RETURN u._id
)
",2.15794324874878,,True,,,True,,True,,True,,1.0,3700.0,False,semantic_result_mismatch
Q107,Find the cities of businesses rated below 1.5,simple,document_projection,,,Mistral,mistral:latest,"FOR b IN Businesses
    FILTER b.rating < 1.5
    RETURN { city: b.city }","
FOR b IN Businesses
    FILTER b.rating < 1.5
    RETURN DISTINCT b.city
",2.1566476821899414,,True,,No LIMIT detected. A LIMIT is recommended for queries that may return many documents.,True,,True,,True,,70.0,1072.0,False,semantic_result_mismatch
Q108,In which neighborhoods Michelle has reviewed a buissness?,complex,multi_hop_graph,,,Mistral,mistral:latest,"FOR u IN Users
    FILTER u.name == ""Michelle""

    LET reviews = (
        FOR r IN 1..1 OUTBOUND u WritesReview
            RETURN DISTINCT r
    )

    LET businesses = (
        FOR r IN reviews
            FOR b IN 1..1 OUTBOUND r ReviewsBusiness
            RETURN DISTINCT b
    )

    LET neighborhoods = (
        FOR b IN businesses
            FOR n IN 1..1 OUTBOUND b BusinessNeighborhood
            RETURN DISTINCT n.neighborhood_name
    )

RETURN neighborhoods","
FOR u IN Users
    FILTER u.name == ""Michelle""

    FOR r IN 1..1 OUTBOUND u WritesReview
        FOR b IN 1..1 OUTBOUND r ReviewsBusiness
            FOR n IN 1..1 OUTBOUND b BusinessNeighborhood

                RETURN DISTINCT n.neighborhood_name
",6.366500854492188,,False,"Unknown collection(s): businesses, reviews",No LIMIT detected. A LIMIT is recommended for queries that may return many documents.,True,,False,Rejected by validator,True,,95.0,,False,unknown_collection
Q109,Find the business with the most number of reviews in April,advanced,graph_group_sort_limit,,,Mistral,mistral:latest,"FOR b IN Businesses
LET reviews_in_april = (
    FOR r IN 1..1 OUTBOUND b ReviewsBusiness
        FILTER r.month == 4
        RETURN r
)
LET num_reviews = LENGTH(reviews_in_april)
FOR business_with_max_reviews IN (
    FOR b_candidate IN Businesses
        LET reviews_candidate = (
            FOR r IN 1..1 OUTBOUND b_candidate ReviewsBusiness
                FILTER r.month == 4
                RETURN r
        )
        LET num_reviews_candidate = LENGTH(reviews_candidate)
        FILTER num_reviews_candidate > num_reviews
        RETURN {
            business_id: b_candidate.business_id,
            num_reviews: num_reviews_candidate
        }
)
RETURN business_with_max_reviews.business_id","
FOR r IN Reviews
    FILTER r.month == ""April""
        OR r.month == 4

    FOR b IN 1..1 OUTBOUND r ReviewsBusiness

        COLLECT business_key = b._id
        WITH COUNT INTO april_reviews

        SORT april_reviews DESC
        LIMIT 1

        LET business = DOCUMENT(business_key)

        RETURN {
            business_id: business.business_id,
            name: business.name,
            april_reviews: april_reviews
        }
",12.367879152297974,,False,Unknown attribute 'month' in collection 'Businesses'. | Unknown attribute 'month' in collection 'Businesses'.,No LIMIT detected. A LIMIT is recommended for queries that may return many documents.,True,,False,Rejected by validator,True,,1.0,,False,unknown_attribute
Q110,"Find all tips for ""Cafe Zinho"" in Texas.",advanced,graph_filter,,,Mistral,mistral:latest,"FOR b IN Businesses
    FILTER b.name == ""Cafe Zinho""
    FILTER b.state == ""Texas""

    FOR t IN 1..1 INBOUND b TipsBusiness

        RETURN DISTINCT {
            tip_id: t.tip_id,
            user_id: t.user_id,
            likes: t.likes,
            text: t.text
        }","
FOR b IN Businesses
    FILTER b.name == ""Cafe Zinho""
    FILTER b.state == ""Texas""

    FOR t IN 1..1 INBOUND b TipsBusiness

        RETURN DISTINCT {
            tip_id: t.tip_id,
            user_id: t.user_id,
            likes: t.likes,
            text: t.text,
            year: t.year
        }
",4.754745006561279,,True,,No LIMIT detected. A LIMIT is recommended for queries that may return many documents.,False,text,False,Blocked by PrivacyFilter,True,,0.0,,False,privacy_blocked
Q111,"Find all cities which has a ""Taj Mahal"".",simple,document_projection,,,Mistral,mistral:latest,"FOR b IN Businesses
    FILTER b.name == ""Taj Mahal""
    RETURN DISTINCT b.city","
FOR b IN Businesses
    FILTER b.name == ""Taj Mahal""
    RETURN DISTINCT b.city
",1.9554150104522705,,True,,No LIMIT detected. A LIMIT is recommended for queries that may return many documents.,True,,True,,True,,1.0,1.0,True,correct
Q112,List all businesses that are restaurants in Pennsylvania.,medium,graph_filter,,,Mistral,mistral:latest,"FOR b IN Businesses
    FILTER b.state == ""Pennsylvania""
    LET categories = (
        FOR c IN 1..1 OUTBOUND b BusinessCategory
            RETURN c.category_name
    )
    FILTER ""Restaurants"" IN categories
    RETURN b

To clarify, the query retrieves all businesses (b) located in Pennsylvania, then gets the categories associated with those businesses (b) using the BusinessCategory edge collection. Afterward, it filters out the restaurants from the categories. Finally, it returns the entire business document (b).","
FOR b IN Businesses
    FILTER b.state == ""Pennsylvania""

    FOR c IN 1..1 OUTBOUND b BusinessCategory
        FILTER c.category_name == ""Restaurants""

        RETURN DISTINCT {
            business_id: b.business_id,
            name: b.name,
            city: b.city,
            rating: b.rating
        }
",5.294690608978272,,True,,No LIMIT detected. A LIMIT is recommended for queries that may return many documents.,True,,False,"[HTTP 400][ERR 1501] syntax error, unexpected identifier, expecting end of query string near 'To clarify, the query retrieves ...' at position 10:1",True,,1671.0,,False,execution_error
Q113,Return me the number of businesses that are restaurants.,medium,graph_count,,,Mistral,mistral:latest,"FOR b IN Businesses
    FOR c IN 1..1 OUTBOUND b BusinessCategory
        FILTER c.category_name == ""Restaurants""
        RETURN DISTINCT b._id

RETURN LENGTH(RESULTS)","
LET businesses = (
    FOR b IN Businesses
        FOR c IN 1..1 OUTBOUND b BusinessCategory
            FILTER c.category_name == ""Restaurants""
            RETURN DISTINCT b._id
)

RETURN LENGTH(businesses)
",6.769579172134399,,True,,,True,,False,"[HTTP 400][ERR 1501] syntax error, unexpected RETURN declaration, expecting end of query string near 'RETURN LENGTH(RESULTS)' at position 6:1",True,,1.0,,False,execution_error
Q114,List all users who reviewed businesses that are restaurants.,complex,multi_hop_graph,,,Mistral,mistral:latest,"FOR u IN Users
    FOR r IN 1..1 OUTBOUND u WritesReview
        FOR b IN 1..1 OUTBOUND r ReviewsBusiness
            FOR c IN 1..1 OUTBOUND b BusinessCategory
                FILTER c.category_name == ""Restaurants""
                RETURN DISTINCT {
                    user_id: u.user_id,
                    name: u.name
                }","
FOR c IN Categories
    FILTER c.category_name == ""Restaurants""

    FOR b IN 1..1 INBOUND c BusinessCategory

        FOR r IN 1..1 INBOUND b ReviewsBusiness

            FOR u IN 1..1 INBOUND r WritesReview

                COLLECT user_id = u.user_id, name = u.name

                RETURN {
                    user_id: user_id,
                    name: name
                }
",4.04237699508667,,True,,No LIMIT detected. A LIMIT is recommended for queries that may return many documents.,True,,False,"HTTPConnectionPool(host='localhost', port=8529): Read timed out. (read timeout=60)",False,"HTTPConnectionPool(host='localhost', port=8529): Read timed out. (read timeout=60)",,,False,execution_error
Q115,"Return me the number of cities that has ""Panda Express"".",simple,document_count_distinct,,,Mistral,mistral:latest,"LET cities = (
    FOR b IN Businesses
        FILTER b.name == ""Panda Express""
        RETURN DISTINCT b.city
)

RETURN LENGTH(cities)","
LET cities = (
    FOR b IN Businesses
        FILTER b.name == ""Panda Express""
        RETURN DISTINCT b.city
)

RETURN LENGTH(cities)
",2.4232566356658936,,True,,,True,,True,,True,,1.0,1.0,True,correct
Q116,"List all tips for ""Cafe Zinho"" in Pennsylvania in 2010.",advanced,graph_filter,,,Mistral,mistral:latest,"FOR b IN Businesses
    FILTER b.name == ""Cafe Zinho""
    FILTER b.state == ""Pennsylvania""
    FILTER b.year == 2010

    FOR t IN 1..1 INBOUND b TipsBusiness

        RETURN DISTINCT {
            tip_id: t.tip_id,
            user_id: t.user_id,
            likes: t.likes,
            text: t.text,
            year: t.year
        }","
FOR b IN Businesses
    FILTER b.name == ""Cafe Zinho""
    FILTER b.state == ""Pennsylvania""

    FOR t IN 1..1 INBOUND b TipsBusiness
        FILTER t.year == 2010

        RETURN DISTINCT {
            tip_id: t.tip_id,
            user_id: t.user_id,
            likes: t.likes,
            text: t.text
        }
",4.511386156082153,,False,Unknown attribute 'year' in collection 'Businesses'.,No LIMIT detected. A LIMIT is recommended for queries that may return many documents.,False,text,False,Blocked by PrivacyFilter,True,,0.0,,False,unknown_attribute
Q117,Return me the number of tips that are written by Michelle.,medium,graph_count,,,Mistral,mistral:latest,"LET tips = (
    FOR u IN Users
        FILTER u.name == ""Michelle""

        FOR t IN 1..1 OUTBOUND u WritesTip
            RETURN DISTINCT t._id
)

RETURN LENGTH(tips)","
LET tips = (
    FOR u IN Users
        FILTER u.name == ""Michelle""

        FOR t IN 1..1 OUTBOUND u WritesTip
            RETURN DISTINCT t._id
)

RETURN LENGTH(tips)
",2.785764455795288,,True,,,True,,True,,True,,1.0,1.0,True,correct
Q118,Return me the number of tips that are written by Michelle in 2010.,medium,graph_count,,,Mistral,mistral:latest,"LET tips = (
    FOR u IN Users
        FILTER u.name == ""Michelle""

        FOR t IN 1..1 OUTBOUND u WritesTip
            FILTER t.year == 2010
            RETURN DISTINCT t._id
)

RETURN LENGTH(tips)","
LET tips = (
    FOR u IN Users
        FILTER u.name == ""Michelle""

        FOR t IN 1..1 OUTBOUND u WritesTip
            FILTER t.year == 2010
            RETURN DISTINCT t._id
)

RETURN LENGTH(tips)
",2.887705087661743,,True,,,True,,True,,True,,1.0,1.0,True,correct
Q119,List all users who reviewed businesses that are restaurants in 2010.,complex,multi_hop_graph,,,Mistral,mistral:latest,"FOR u IN Users
    FILTER u.name IN (
        FOR c IN Categories
            FILTER c.category_name == ""Restaurants""

            FOR b IN 1..1 OUTBOUND c BusinessCategory
                FOR r IN 1..1 OUTBOUND b ReviewsBusiness
                    FILTER r.year == 2010
                    RETURN u._id
    )

    RETURN {
        user_id: u._id,
        name: u.name
    }","
FOR b IN Businesses

    LET is_restaurant = LENGTH(
        FOR c IN 1..1 OUTBOUND b BusinessCategory
            FILTER c.category_name == ""Restaurants""
            LIMIT 1
            RETURN 1
    )

    FILTER is_restaurant > 0

    FOR r IN 1..1 INBOUND b ReviewsBusiness
        FILTER r.year == 2010

        FOR u IN 1..1 INBOUND r WritesReview

            RETURN DISTINCT {
                user_id: u.user_id,
                name: u.name
            }
",4.661513805389404,,False,Unknown attribute 'year' in collection 'Businesses'.,No LIMIT detected. A LIMIT is recommended for queries that may return many documents.,True,,False,Rejected by validator,False,"HTTPConnectionPool(host='localhost', port=8529): Read timed out. (read timeout=60)",,,False,unknown_attribute
Q120,Find the total checkins in Brighton Heights neighborhood,advanced,graph_sum,,,Mistral,mistral:latest,"LET businesses = (
    FOR b IN Businesses
        FOR n IN 1..1 OUTBOUND b BusinessNeighborhood
            FILTER n.neighborhood_name == ""Brighton Heights""
            RETURN DISTINCT b._id
)

LET checkins = (
    FOR b IN businesses
        FOR ch IN 1..1 OUTBOUND b BusinessCheckin
            RETURN ch.count
)

RETURN SUM(checkins)","
LET values = (
    FOR b IN Businesses

        FOR n IN 1..1 OUTBOUND b BusinessNeighborhood
            FILTER n.neighborhood_name == ""Brighton Heights""

            FOR ch IN 1..1 OUTBOUND b BusinessCheckin
                RETURN ch.count
)

RETURN SUM(values)
",4.207911491394043,,False,Unknown collection(s): businesses,,True,,False,Rejected by validator,True,,1.0,,False,unknown_collection
Q121,Find the total checkins in Sundays,simple,document_sum,,,Mistral,mistral:latest,"LET values = (
    FOR ch IN 1..1 OUTBOUND Businesses BusinessCheckin
        FILTER ch.day == ""Sunday""
        RETURN ch.count
)

RETURN SUM(values)","
LET values = (
    FOR ch IN Checkins
        FILTER ch.day == ""Sunday""
        RETURN ch.count
)

RETURN SUM(values)
",2.828282356262207,,True,,,True,,False,[HTTP 500][ERR 1568] collection 'Businesses' used as expression operand,True,,1.0,,False,execution_error
Q122,Find all the tips from a user who has written a review in 2012,complex,multi_relation_graph,,,Mistral,mistral:latest,"FOR u IN Users
    FILTER u.name IN (
        FOR r IN Reviews
            FILTER r.year == 2012
            RETURN u._id
    )

    FOR t IN 1..1 OUTBOUND u WritesTip
    RETURN DISTINCT t","
LET users_2012 = (
    FOR r IN Reviews
        FILTER r.year == 2012

        FOR u IN 1..1 INBOUND r WritesReview
            COLLECT user_key = u._id
            RETURN user_key
)

FOR user_key IN users_2012

    FOR t IN 1..1 OUTBOUND user_key WritesTip

        COLLECT tip_key = t._id

        LET tip = DOCUMENT(tip_key)

        RETURN {
            tip_id: tip.tip_id,
            user_id: tip.user_id,
            business_id: tip.business_id,
            likes: tip.likes,
            text: tip.text,
            year: tip.year
        }
",3.9114367961883545,,True,,No LIMIT detected. A LIMIT is recommended for queries that may return many documents.,True,,False,"HTTPConnectionPool(host='localhost', port=8529): Read timed out. (read timeout=60)",False,"HTTPConnectionPool(host='localhost', port=8529): Read timed out. (read timeout=60)",,,False,execution_error
Q123,Find the total number of reviews written in March,simple,document_count,,,Mistral,mistral:latest,"LET reviews_march = (
    FOR r IN Reviews
        FILTER r.month == ""March""
        OR r.month == 3
    RETURN DISTINCT r._id
);

RETURN LENGTH(reviews_march)","
RETURN LENGTH(
    FOR r IN Reviews
        FILTER r.month == ""March""
            OR r.month == 3
        RETURN r._id
)
",2.857649087905884,,True,,,True,,False,"[HTTP 400][ERR 1501] syntax error, unexpected invalid token near ';

RETURN LENGTH(reviews_march)' at position 6:2",True,,1.0,,False,execution_error
Q124,Find the number of tips written in each month,medium,document_group_count,,,Mistral,mistral:latest,"LET tipsByMonth = (
    FOR t IN Tips
        LET month = t.month, year = t.year
        RETURN {month: month, count: LENGTH(
            FOR u IN Users
                FILTER u.name == (
                    FOR tIn 1..1 OUTBOUND t WritesTip
                        FILTER t._id == t._id
                        RETURN u.name
                )
            )
        }
)

RETURN MAP(
    function(doc) { return {month: doc.month, count: doc.count} },
    UNNEST(
        FOR tip IN tipsByMonth
            GROUP BY tip.month
            SORT BY tip.month
            RETURN tip
    )
)","
FOR t IN Tips

    COLLECT month = t.month
    WITH COUNT INTO tip_count

    SORT month ASC

    RETURN {
        month: month,
        tip_count: tip_count
    }
",6.233841180801392,,False,Unknown collection(s): tipsByMonth,No LIMIT detected. A LIMIT is recommended for queries that may return many documents.,True,,False,Rejected by validator,True,,12.0,,False,unknown_collection
Q125,How many neighborhoods have a business with rating 5 in Madison?,advanced,graph_count_distinct,,,Mistral,mistral:latest,"FOR b IN Businesses
    FILTER b.city == ""Madison"" AND b.rating == 5

    LET neighborhoods = (
        FOR n IN 1..INBOUND b BusinessNeighborhood
            RETURN DISTINCT n.neighborhood_name
    )

    RETURN LENGTH(neighborhoods)","
LET neighborhoods = (
    FOR b IN Businesses
        FILTER b.city == ""Madison""
        FILTER b.rating == 5

        FOR n IN 1..1 OUTBOUND b BusinessNeighborhood
            RETURN DISTINCT n.neighborhood_name
)

RETURN LENGTH(neighborhoods)
",3.691318988800049,,True,,,True,,False,"[HTTP 400][ERR 1501] syntax error, unexpected inbound modifier near 'INBOUND b BusinessNeighborhood
 ...' at position 5:21",True,,1.0,,False,execution_error
Q126,Find the business which has the most number of categories,advanced,graph_sort_limit,,,Mistral,mistral:latest,"LET business_categories_count = (
    FOR b IN Businesses
        RETURN LENGTH(EXPAND b OUTBOUND BusinessCategory)
)

LET business_with_max_categories = (
    FOR b, cnt IN business_categories_count
        SORT cnt DESC
        LIMIT 1
        RETURN b
)

RETURN business_with_max_categories[0]._id","
FOR b IN Businesses

    LET categories = UNIQUE(
        FOR c IN 1..1 OUTBOUND b BusinessCategory
            RETURN c.category_name
    )

    LET category_count = LENGTH(categories)

    SORT category_count DESC
    LIMIT 1

    RETURN {
        business_id: b.business_id,
        name: b.name,
        category_count: category_count,
        categories: categories
    }
",3.813433885574341,,True,,,True,,False,"[HTTP 400][ERR 1501] syntax error, unexpected identifier, expecting ) near 'b OUTBOUND BusinessCategory)
)

...' at position 3:30",True,,1.0,,False,execution_error
Q127,List all the reviews which rated a business less than 1,simple,document_filter,,,Mistral,mistral:latest,"FOR r IN Reviews
FILTER r.rating < 1
RETURN {
    business_id: r.business_id,
    user_id: r.user_id,
    rating: r.rating,
    text: r.text,
    year: r.year,
    month: r.month
}","
FOR r IN Reviews
    FILTER r.rating < 1

    RETURN {
        review_id: r.rid,
        user_id: r.user_id,
        business_id: r.business_id,
        rating: r.rating,
        text: r.text
    }
",3.622605800628662,,True,,No LIMIT detected. A LIMIT is recommended for queries that may return many documents.,False,text,False,Blocked by PrivacyFilter,True,,0.0,,False,privacy_blocked
Q128,Find all reviews for businesses rated 2.5,advanced,graph_filter,,,Mistral,mistral:latest,"FOR r IN Reviews
FILTER EXISTS (FOR b IN 1..INBOUND r ReviewsBusiness
                  FILTER b.business.rating == 2.5)
RETURN {
    review_id: r.rid,
    user_id: r.user_id,
    business_id: r.business_id,
    rating: r.rating,
    text: r.text
}","
FOR b IN Businesses
    FILTER b.rating == 2.5

    FOR r IN 1..1 INBOUND b ReviewsBusiness

        RETURN DISTINCT {
            review_id: r.rid,
            user_id: r.user_id,
            business_id: r.business_id,
            rating: r.rating,
            text: r.text,
            year: r.year
        }
",4.116883993148804,,True,,No LIMIT detected. A LIMIT is recommended for queries that may return many documents.,False,text,False,Blocked by PrivacyFilter,True,,76407.0,,False,privacy_blocked
Q001,Give me all the moroccan restaurants in Texas,medium,graph_filter,,,DeepSeek-Coder,deepseek-coder:6.7b,"FOR b IN Businesses
    FILTER b.state == ""Texas""
    LET categories = (
        FOR c IN 1..1 OUTBOUND b BusinessCategory
            FILTER c.category_name == ""Moroccan""
            RETURN c.category_name
    )
    FILTER ""Moroccan"" IN categories
    RETURN {
        business_id: b.business_id,
        name: b.name,
        city: b.city,
        state: b.state
    }","
FOR b IN Businesses
    FILTER b.state == ""Texas""

    FOR c IN 1..1 OUTBOUND b BusinessCategory
        FILTER c.category_name == ""Moroccan""

        RETURN DISTINCT {
            business_id: b.business_id,
            name: b.name,
            city: b.city,
            state: b.state,
            rating: b.rating
        }
",6.867936372756958,,True,,No LIMIT detected. A LIMIT is recommended for queries that may return many documents.,True,,True,,True,,0.0,0.0,True,correct
Q002,List all the Italian restaurants in Los Angeles,medium,graph_filter,,,DeepSeek-Coder,deepseek-coder:6.7b,"FOR b IN Businesses
    FILTER b.city == ""Los Angeles""
    LET categories = (
        FOR c IN 1..1 OUTBOUND b BusinessCategory
            RETURN c.category_name
    )
    FILTER ""Italian"" IN categories
    RETURN {
        business_id: b.business_id,
        name: b.name,
        rating: b.rating,
        review_count: b.review_count
    }","
FOR b IN Businesses
    FILTER b.city == ""Los Angeles""

    FOR c IN 1..1 OUTBOUND b BusinessCategory
        FILTER c.category_name == ""Italian""

        RETURN DISTINCT {
            business_id: b.business_id,
            name: b.name,
            city: b.city,
            rating: b.rating
        }
",3.946689367294312,,True,,No LIMIT detected. A LIMIT is recommended for queries that may return many documents.,True,,True,,True,,0.0,0.0,True,correct
Q003,find the number of preschools in Madison,medium,graph_count,,,DeepSeek-Coder,deepseek-coder:6.7b,"LET businesses = (
    FOR b IN Businesses
        FILTER b.city == ""Madison""

        FOR c IN 1..1 OUTBOUND b BusinessCategory
            FILTER c.category_name == ""Preschools""

            RETURN DISTINCT b._id
)

RETURN LENGTH(businesses)","
LET preschools = (
    FOR b IN Businesses
        FILTER b.city == ""Madison""

        FOR c IN 1..1 OUTBOUND b BusinessCategory
            FILTER c.category_name == ""Preschools""

            RETURN DISTINCT b._id
)

RETURN LENGTH(preschools)
",3.3185408115386963,,True,,,True,,True,,True,,1.0,1.0,True,correct
Q004,List all the restaurants rated more than 3.5,medium,graph_filter,,,DeepSeek-Coder,deepseek-coder:6.7b,"FOR b IN Businesses
    FILTER b.rating > 3.5
    LET categories = (
        FOR c IN 1..1 OUTBOUND b BusinessCategory
            RETURN c.category_name
    )
    FILTER ""Restaurants"" IN categories
    RETURN {
        business_id: b.business_id,
        name: b.name,
        rating: b.rating,
        review_count: b.review_count
    }","
FOR b IN Businesses
    FILTER b.rating > 3.5

    FOR c IN 1..1 OUTBOUND b BusinessCategory
        FILTER c.category_name == ""Restaurants""

        RETURN DISTINCT {
            business_id: b.business_id,
            name: b.name,
            city: b.city,
            rating: b.rating
        }
",3.987651824951172,,True,,No LIMIT detected. A LIMIT is recommended for queries that may return many documents.,True,,True,,True,,10605.0,10605.0,False,semantic_result_mismatch
Q005,List all the businesses with more than 4.5 stars,simple,document_filter,,,DeepSeek-Coder,deepseek-coder:6.7b,"FOR b IN Businesses
    FILTER b.rating > 4.5
    RETURN {
        business_id: b.business_id,
        name: b.name,
        city: b.city,
        state: b.state,
        rating: b.rating
    }","
FOR b IN Businesses
    FILTER b.rating > 4.5

    RETURN {
        business_id: b.business_id,
        name: b.name,
        city: b.city,
        state: b.state,
        rating: b.rating
    }
",3.1409554481506348,,True,,No LIMIT detected. A LIMIT is recommended for queries that may return many documents.,True,,True,,True,,12964.0,12964.0,True,correct
Q006,find the number of restaurants rated more than 3.5,medium,graph_count,,,DeepSeek-Coder,deepseek-coder:6.7b,"LET restaurants = (
    FOR b IN Businesses
        FILTER b.rating > 3.5
        FOR c IN 1..1 OUTBOUND b BusinessCategory
            FILTER c.category_name == ""Restaurants""
            RETURN DISTINCT b._id
)
RETURN LENGTH(restaurants)","
LET restaurants = (
    FOR b IN Businesses
        FILTER b.rating > 3.5

        FOR c IN 1..1 OUTBOUND b BusinessCategory
            FILTER c.category_name == ""Restaurants""

            RETURN DISTINCT b._id
)

RETURN LENGTH(restaurants)
",3.344066858291626,,True,,,True,,True,,True,,1.0,1.0,True,correct
Q007,Which Thai restaurant has the most number of reviews,medium,graph_sort_limit,,,DeepSeek-Coder,deepseek-coder:6.7b,"FOR b IN Businesses
    FILTER b.city == ""Dallas""

    LET categories = (
        FOR c IN 1..1 OUTBOUND b BusinessCategory
            RETURN c.category_name
    )

    FILTER ""Thai"" IN categories

    SORT b.review_count DESC
    LIMIT 1

    RETURN {
        business_id: b.business_id,
        name: b.name,
        rating: b.rating,
        review_count: b.review_count
    }","
FOR b IN Businesses

    FOR c IN 1..1 OUTBOUND b BusinessCategory
        FILTER c.category_name == ""Thai""

        SORT b.review_count DESC
        LIMIT 1

        RETURN {
            business_id: b.business_id,
            name: b.name,
            city: b.city,
            review_count: b.review_count,
            rating: b.rating
        }
",4.495704650878906,,True,,,True,,True,,True,,1.0,0.0,False,semantic_result_mismatch
Q008,find all cities which has a “Taj Mahal” restaurant,simple,document_filter,,,DeepSeek-Coder,deepseek-coder:6.7b,"FOR b IN Businesses
    FILTER b.name == ""Taj Mahal""
    RETURN DISTINCT b.city","
FOR b IN Businesses
    FILTER b.name == ""Taj Mahal""

    RETURN DISTINCT b.city
",2.414707899093628,,True,,No LIMIT detected. A LIMIT is recommended for queries that may return many documents.,True,,True,,True,,1.0,1.0,True,correct
Q009,find the total checkins in Moroccan restaurants in Los Angeles,advanced,graph_aggregation,,,DeepSeek-Coder,deepseek-coder:6.7b,"FOR b IN Businesses
    FILTER b.city == ""Los Angeles""

    LET categories = (
        FOR c IN 1..1 OUTBOUND b BusinessCategory
            RETURN c.category_name
    )

    FILTER ""Moroccan"" IN categories
    FILTER ""Restaurants"" IN categories

    FOR ch IN 1..1 OUTBOUND b BusinessCheckin
        COLLECT day = ch.day
        AGGREGATE total_checkins = SUM(ch.count)

        SORT day

        RETURN {
            day: day,
            total_checkins: total_checkins
        }","
LET values = (
    FOR b IN Businesses
        FILTER b.city == ""Los Angeles""

        LET categories = (
            FOR c IN 1..1 OUTBOUND b BusinessCategory
                RETURN c.category_name
        )

        FILTER ""Moroccan"" IN categories
        FILTER ""Restaurants"" IN categories

        FOR ch IN 1..1 OUTBOUND b BusinessCheckin
            RETURN ch.count
)

RETURN SUM(values)
",4.932849884033203,,True,,No LIMIT detected. A LIMIT is recommended for queries that may return many documents.,True,,True,,True,,1.0,0.0,False,semantic_result_mismatch
Q010,find the total checkins in Moroccan restaurants in Los Angeles on Fridays,advanced,graph_aggregation,,,DeepSeek-Coder,deepseek-coder:6.7b,"FOR b IN Businesses
    FILTER b.city == ""Los Angeles""

    LET categories = (
        FOR c IN 1..1 OUTBOUND b BusinessCategory
            RETURN c.category_name
    )

    FILTER ""Moroccan"" IN categories
    FILTER ""Restaurants"" IN categories

    FOR ch IN 1..1 OUTBOUND b BusinessCheckin
        FILTER ch.day == ""Friday""
        COLLECT total_checkins = SUM(ch.count)

        RETURN total_checkins","
LET values = (
    FOR b IN Businesses
        FILTER b.city == ""Los Angeles""

        LET categories = (
            FOR c IN 1..1 OUTBOUND b BusinessCategory
                RETURN c.category_name
        )

        FILTER ""Moroccan"" IN categories
        FILTER ""Restaurants"" IN categories

        FOR ch IN 1..1 OUTBOUND b BusinessCheckin
            FILTER ch.day == ""Friday""
            RETURN ch.count
)

RETURN SUM(values)
",4.60110878944397,,True,,No LIMIT detected. A LIMIT is recommended for queries that may return many documents.,True,,True,,True,,1.0,0.0,False,semantic_result_mismatch
Q011,find the total checkins in Moroccan restaurants in Los Angeles per day,advanced,graph_group_aggregation,,,DeepSeek-Coder,deepseek-coder:6.7b,"LET values = (
    FOR b IN Businesses
        FILTER b.city == ""Los Angeles""

        LET categories = (
            FOR c IN 1..1 OUTBOUND b BusinessCategory
                RETURN c.category_name
        )

        FILTER ""Moroccan"" IN categories
        FILTER ""Restaurants"" IN categories

        FOR ch IN 1..1 OUTBOUND b BusinessCheckin
            COLLECT day = ch.day
            AGGREGATE total_checkins = SUM(ch.count)

            SORT day

            RETURN {
                day: day,
                total_checkins: total_checkins
            }
)

RETURN SUM(values)","
FOR b IN Businesses
    FILTER b.city == ""Los Angeles""

    LET categories = (
        FOR c IN 1..1 OUTBOUND b BusinessCategory
            RETURN c.category_name
    )

    FILTER ""Moroccan"" IN categories
    FILTER ""Restaurants"" IN categories

    FOR ch IN 1..1 OUTBOUND b BusinessCheckin
        COLLECT day = ch.day
        AGGREGATE total_checkins = SUM(ch.count)

        SORT day

        RETURN {
            day: day,
            total_checkins: total_checkins
        }
",5.371759653091431,,True,,,True,,True,,True,,0.0,1.0,False,semantic_result_mismatch
Q012,find the total checkins in Italian delis in each state on Sundays,advanced,graph_group_aggregation,,,DeepSeek-Coder,deepseek-coder:6.7b,"FOR b IN Businesses
    FILTER b.city IN (
        FOR c IN 1..1 OUTBOUND b BusinessCategory
            FILTER c.category_name == ""Italian""
            RETURN c.category_name
    )
    FILTER b.name IN (
        FOR c IN 1..1 OUTBOUND b BusinessCategory
            FILTER c.category_name == ""Delis""
            RETURN c.category_name
    )
    FOR ch IN 1..1 OUTBOUND b BusinessCheckin
        FILTER ch.day == ""Sunday""
        COLLECT state = b.state
        AGGREGATE total_checkins = SUM(ch.count)
        RETURN {
            state: state,
            total_checkins: total_checkins
        }","
FOR b IN Businesses

    LET categories = (
        FOR c IN 1..1 OUTBOUND b BusinessCategory
            RETURN c.category_name
    )

    FILTER ""Italian"" IN categories
    FILTER ""Delis"" IN categories

    FOR ch IN 1..1 OUTBOUND b BusinessCheckin
        FILTER ch.day == ""Sunday""

        COLLECT state = b.state
        AGGREGATE total_checkins = SUM(ch.count)

        SORT state

        RETURN {
            state: state,
            total_checkins: total_checkins
        }
",5.790935039520264,,True,,No LIMIT detected. A LIMIT is recommended for queries that may return many documents.,True,,True,,True,,6.0,0.0,False,semantic_result_mismatch
Q013,list all the reviews by Niloofar,medium,graph_traversal,,,DeepSeek-Coder,deepseek-coder:6.7b,"FOR u IN Users
    FILTER u.name == ""Niloofar""
    FOR r IN 1..1 OUTBOUND u WritesReview
        RETURN {
            review_id: r.review_id,
            business_id: r.business_id,
            rating: r.rating,
            text: r.text,
            year: r.year,
            month: r.month
        }","
FOR u IN Users
    FILTER u.name == ""Niloofar""

    FOR r IN 1..1 OUTBOUND u WritesReview

        RETURN DISTINCT {
            review_id: r.rid,
            user_id: r.user_id,
            business_id: r.business_id,
            rating: r.rating,
            text: r.text,
            year: r.year
        }
",3.734209537506104,,False,Unknown attribute 'review_id' in collection 'Reviews'.,No LIMIT detected. A LIMIT is recommended for queries that may return many documents.,False,text,False,Blocked by PrivacyFilter,True,,1.0,,False,unknown_attribute
Q014,list all the businesses which have a review by Niloofar,advanced,graph_traversal,,,DeepSeek-Coder,deepseek-coder:6.7b,"FOR u IN Users
FILTER u.name == ""Niloofar""

FOR r IN 1..1 OUTBOUND u WritesReview

FOR b IN 1..1 INBOUND r ReviewsBusiness

RETURN DISTINCT {
    business_id: b.business_id,
    name: b.name,
    city: b.city,
    state: b.state
}","
FOR u IN Users
    FILTER u.name == ""Niloofar""

    FOR r IN 1..1 OUTBOUND u WritesReview
        FOR b IN 1..1 OUTBOUND r ReviewsBusiness

            RETURN DISTINCT {
                business_id: b.business_id,
                name: b.name,
                city: b.city,
                state: b.state,
                rating: b.rating
            }
",3.65516209602356,,False,Unknown attribute 'name' in collection 'Reviews'. | Unknown attribute 'city' in collection 'Reviews'. | Unknown attribute 'state' in collection 'Reviews'.,No LIMIT detected. A LIMIT is recommended for queries that may return many documents.,True,,False,Rejected by validator,True,,1.0,,False,unknown_attribute
Q015,How many reviews has Niloofar written in 2015,medium,graph_count,,,DeepSeek-Coder,deepseek-coder:6.7b,"FOR u IN Users
    FILTER u.name == ""Niloofar""
    FOR r IN 1..1 OUTBOUND u WritesReview
        FILTER r.year == 2015
        RETURN COUNT(r)","
LET reviews_2015 = (
    FOR u IN Users
        FILTER u.name == ""Niloofar""

        FOR r IN 1..1 OUTBOUND u WritesReview
            FILTER r.year == 2015
            RETURN DISTINCT r._id
)

RETURN LENGTH(reviews_2015)
",3.1141722202301025,,True,,,True,,True,,True,,1.0,0.0,False,semantic_result_mismatch
Q016,list all the businesses which Niloofar rated 5,advanced,graph_traversal_filter,,,DeepSeek-Coder,deepseek-coder:6.7b,"FOR u IN Users
    FILTER u.name == ""Niloofar""

    FOR r IN 1..1 OUTBOUND u WritesReview
        FILTER r.rating == 5

        FOR b IN 1..1 OUTBOUND r ReviewsBusiness
            RETURN DISTINCT {
                business_id: b.business_id,
                name: b.name,
                city: b.city,
                state: b.state,
                rating: b.rating
            }","
FOR u IN Users
    FILTER u.name == ""Niloofar""

    FOR r IN 1..1 OUTBOUND u WritesReview
        FILTER r.rating == 5

        FOR b IN 1..1 OUTBOUND r ReviewsBusiness

            RETURN DISTINCT {
                business_id: b.business_id,
                name: b.name,
                city: b.city,
                state: b.state
            }
",4.0168962478637695,,True,,No LIMIT detected. A LIMIT is recommended for queries that may return many documents.,True,,True,,True,,0.0,0.0,True,correct
Q017,what is the average rating given in Michelle reviews,medium,graph_aggregation,,,DeepSeek-Coder,deepseek-coder:6.7b,"LET ratings = (
    FOR u IN Users
        FILTER u.name == ""Michelle""
        FOR r IN 1..1 OUTBOUND u WritesReview
            RETURN r.rating
)

RETURN AVERAGE(ratings)","
LET ratings = (
    FOR u IN Users
        FILTER u.name == ""Michelle""

        FOR r IN 1..1 OUTBOUND u WritesReview
            RETURN r.rating
)

RETURN AVERAGE(ratings)
",2.9632210731506348,,True,,No LIMIT detected. A LIMIT is recommended for queries that may return many documents.,True,,True,,True,,1.0,1.0,True,correct
Q018,which business has the most number of checkins,medium,graph_sort_limit,,,DeepSeek-Coder,deepseek-coder:6.7b,"FOR b IN Businesses
    FOR ch IN 1..1 OUTBOUND b BusinessCheckin
        COLLECT business = b.business_id
        WITH COUNT INTO checkin_count
    SORT checkin_count DESC
    LIMIT 1
    RETURN {
        business_id: business,
        checkin_count: checkin_count
    }","
FOR b IN Businesses

    LET total_checkins = SUM(
        FOR ch IN 1..1 OUTBOUND b BusinessCheckin
            RETURN ch.count
    )

    SORT total_checkins DESC
    LIMIT 1

    RETURN {
        business_id: b.business_id,
        name: b.name,
        city: b.city,
        state: b.state,
        total_checkins: total_checkins
    }
",3.4118664264678955,,True,,,True,,True,,True,,1.0,1.0,False,semantic_result_mismatch
Q019,List all the reviews by Michelle for Italian restaurants,complex,multi_hop_graph,,,DeepSeek-Coder,deepseek-coder:6.7b,"FOR u IN Users
    FILTER u.name == ""Michelle""

    FOR r IN 1..1 OUTBOUND u WritesReview
        FOR b IN 1..1 OUTBOUND r ReviewsBusiness
            FOR c IN 1..1 OUTBOUND b BusinessCategory
                FILTER c.category_name == ""Italian""

                RETURN {
                    review: r.text,
                    rating: r.rating
                }","
FOR u IN Users
    FILTER u.name == ""Michelle""

    FOR r IN 1..1 OUTBOUND u WritesReview

        FOR b IN 1..1 OUTBOUND r ReviewsBusiness

            LET categories = (
                FOR c IN 1..1 OUTBOUND b BusinessCategory
                    RETURN c.category_name
            )

            FILTER ""Italian"" IN categories
            FILTER ""Restaurants"" IN categories

            RETURN DISTINCT {
                review_id: r.rid,
                user_id: r.user_id,
                business_id: b.business_id,
                business_name: b.name,
                rating: r.rating,
                text: r.text,
                year: r.year
            }
",4.1441755294799805,,True,,No LIMIT detected. A LIMIT is recommended for queries that may return many documents.,False,text,False,Blocked by PrivacyFilter,True,,350.0,,False,privacy_blocked
Q020,What is the number of checkins for “Cafe Zinho” on fridays,medium,graph_aggregation,,,DeepSeek-Coder,deepseek-coder:6.7b,"LET values = (
    FOR b IN Businesses
        FILTER b.name == ""Cafe Zinho""

        FOR ch IN 1..1 OUTBOUND b BusinessCheckin
            FILTER ch.day == ""Friday""
            RETURN ch.count
)

RETURN SUM(values)","
LET values = (
    FOR b IN Businesses
        FILTER b.name == ""Cafe Zinho""

        FOR ch IN 1..1 OUTBOUND b BusinessCheckin
            FILTER ch.day == ""Friday""
            RETURN ch.count
)

RETURN SUM(values)
",3.471848726272583,,True,,,True,,True,,True,,1.0,1.0,True,correct
Q021,find the number of reviews written for “Cafe Zinho” restaurants in Texas,advanced,multi_hop_graph_count,,,DeepSeek-Coder,deepseek-coder:6.7b,"LET reviews = (
    FOR b IN Businesses
        FILTER b.name == ""Cafe Zinho""
        FILTER b.state == ""Texas""

        FOR r IN 1..1 INBOUND b ReviewsBusiness
            RETURN DISTINCT r._id
)

RETURN LENGTH(reviews)","
LET reviews = (
    FOR b IN Businesses
        FILTER b.name == ""Cafe Zinho""
        FILTER b.state == ""Texas""

        FOR r IN 1..1 INBOUND b ReviewsBusiness
            RETURN DISTINCT r._id
)

RETURN LENGTH(reviews)
",3.462047815322876,,True,,,True,,True,,True,,1.0,1.0,True,correct
Q022,find the user with the most number of reviews,medium,graph_sort_limit,,,DeepSeek-Coder,deepseek-coder:6.7b,"FOR u IN Users
    LET count = COUNT(FOR r IN 1..1 OUTBOUND u WritesReview RETURN r)
    SORT count DESC
    LIMIT 1
    RETURN {
        user_id: u.user_id,
        name: u.name,
        review_count: count
    }","
FOR u IN Users

    LET review_count = LENGTH(
        FOR r IN 1..1 OUTBOUND u WritesReview
            RETURN 1
    )

    SORT review_count DESC
    LIMIT 1

    RETURN {
        user_id: u.user_id,
        name: u.name,
        review_count: review_count
    }
",3.3473005294799805,,True,,,True,,True,,True,,1.0,1.0,True,correct
Q023,how many users reviewed Sushi Too in Pittsburgh,advanced,multi_hop_graph_count,,,DeepSeek-Coder,deepseek-coder:6.7b,"LET users = (
    FOR b IN Businesses
        FILTER b.name == ""Sushi Too""
        FILTER b.city == ""Pittsburgh""

        FOR r IN 1..1 INBOUND b ReviewsBusiness
            FOR u IN 1..1 INBOUND r WritesReview
                RETURN DISTINCT u.user_id
)

RETURN LENGTH(users)","
LET users = (
    FOR b IN Businesses
        FILTER b.name == ""Sushi Too""
        FILTER b.city == ""Pittsburgh""

        FOR r IN 1..1 INBOUND b ReviewsBusiness
            FOR u IN 1..1 INBOUND r WritesReview
                RETURN DISTINCT u._id
)

RETURN LENGTH(users)
",4.202586889266968,,True,,,True,,True,,True,,1.0,1.0,True,correct
Q024,What is the number of pet groomers in Edinburgh,medium,graph_count,,,DeepSeek-Coder,deepseek-coder:6.7b,"LET businesses = (
    FOR b IN Businesses
        FILTER b.city == ""Edinburgh""
        FOR c IN 1..1 OUTBOUND b BusinessCategory
            FILTER c.category_name == ""Pet Groomers""
            RETURN DISTINCT b._id
)

RETURN LENGTH(businesses)","
LET businesses = (
    FOR b IN Businesses
        FILTER b.city == ""Edinburgh""

        FOR c IN 1..1 OUTBOUND b BusinessCategory
            FILTER c.category_name == ""Pet Groomers""
            RETURN DISTINCT b._id
)

RETURN LENGTH(businesses)
",3.53377628326416,,True,,,True,,True,,True,,1.0,1.0,True,correct
Q025,How many pet groomers exist in Edinburgh,medium,graph_count,,,DeepSeek-Coder,deepseek-coder:6.7b,"LET businesses = (
    FOR b IN Businesses
        FILTER b.city == ""Edinburgh""

        FOR c IN 1..1 OUTBOUND b BusinessCategory
            FILTER c.category_name == ""Pet Groomers""
            RETURN DISTINCT b._id
)

RETURN LENGTH(businesses)","
LET businesses = (
    FOR b IN Businesses
        FILTER b.city == ""Edinburgh""

        FOR c IN 1..1 OUTBOUND b BusinessCategory
            FILTER c.category_name == ""Pet Groomers""
            RETURN DISTINCT b._id
)

RETURN LENGTH(businesses)
",3.584341287612915,,True,,,True,,True,,True,,1.0,1.0,True,correct
Q026,What is the number of restaurants in Pittsburgh rated 4.5,medium,graph_count,,,DeepSeek-Coder,deepseek-coder:6.7b,"FOR b IN Businesses
    FILTER b.city == ""Pittsburgh""
    FILTER b.rating == 4.5
    RETURN COUNT(b)","
LET restaurants = (
    FOR b IN Businesses
        FILTER b.city == ""Pittsburgh""
        FILTER b.rating == 4.5

        FOR c IN 1..1 OUTBOUND b BusinessCategory
            FILTER c.category_name == ""Restaurants""
            RETURN DISTINCT b._id
)

RETURN LENGTH(restaurants)
",2.7623250484466557,,True,,,True,,True,,True,,1.0,664.0,False,semantic_result_mismatch
Q027,List all 5 star Italian restaurants,medium,graph_filter,,,DeepSeek-Coder,deepseek-coder:6.7b,"FOR b IN Businesses
    FILTER b.rating == 5

    FOR c IN 1..1 OUTBOUND b BusinessCategory
        FILTER c.category_name == ""Italian""

        RETURN DISTINCT {
            business_id: b.business_id,
            name: b.name,
            city: b.city,
            rating: b.rating
        }","
FOR b IN Businesses
    FILTER b.rating == 5

    LET categories = (
        FOR c IN 1..1 OUTBOUND b BusinessCategory
            RETURN c.category_name
    )

    FILTER ""Italian"" IN categories
    FILTER ""Restaurants"" IN categories

    RETURN {
        business_id: b.business_id,
        name: b.name,
        city: b.city,
        state: b.state,
        rating: b.rating
    }
",3.835477828979492,,True,,No LIMIT detected. A LIMIT is recommended for queries that may return many documents.,True,,True,,True,,36.0,36.0,False,semantic_result_mismatch
Q028,How many tips have been written in 2015,simple,document_count,,,DeepSeek-Coder,deepseek-coder:6.7b,"LET tips = (
    FOR t IN Tips
        FILTER t.year == 2015
        RETURN DISTINCT t._id
)

RETURN LENGTH(tips)","
RETURN LENGTH(
    FOR t IN Tips
        FILTER t.year == 2015
        RETURN 1
)
",2.750490665435791,,True,,,True,,True,,True,,1.0,1.0,True,correct
Q029,What is the total likes on tips from Niloofar,medium,graph_aggregation,,,DeepSeek-Coder,deepseek-coder:6.7b,"LET likes = (
    FOR u IN Users
        FILTER u.name == ""Niloofar""

        FOR t IN 1..1 OUTBOUND u WritesTip
            RETURN t.likes
)

RETURN SUM(likes)","
LET likes = (
    FOR u IN Users
        FILTER u.name == ""Niloofar""

        FOR t IN 1..1 OUTBOUND u WritesTip
            RETURN t.likes
)

RETURN SUM(likes)
",2.8470382690429688,,True,,,True,,True,,True,,1.0,1.0,True,correct
Q030,What is the total likes on tips about “Cafe Zinho”,medium,graph_aggregation,,,DeepSeek-Coder,deepseek-coder:6.7b,"LET likes = (
    FOR b IN Businesses
        FILTER b.name == ""Cafe Zinho""

        FOR t IN 1..1 INBOUND b TipsBusiness
            RETURN t.likes
)

RETURN SUM(likes)","
LET likes = (
    FOR b IN Businesses
        FILTER b.name == ""Cafe Zinho""

        FOR t IN 1..1 INBOUND b TipsBusiness
            RETURN t.likes
)

RETURN SUM(likes)
",2.917498588562012,,True,,,True,,True,,True,,1.0,1.0,True,correct
Q031,What is the total likes on tips from Niloofar about “Cafe Zinho”,complex,multi_hop_graph_aggregation,,,DeepSeek-Coder,deepseek-coder:6.7b,"LET likes = (
    FOR u IN Users
        FILTER u.name == ""Niloofar""

        FOR t IN 1..1 OUTBOUND u WritesTip
            FOR b IN Businesses
                FILTER b.name == ""Cafe Zinho""
                FOR tip_b IN 1..1 INBOUND b TipsBusiness
                    RETURN tip_b.likes
)

RETURN SUM(likes)","
LET likes = (
    FOR u IN Users
        FILTER u.name == ""Niloofar""

        FOR t IN 1..1 OUTBOUND u WritesTip
            FOR b IN 1..1 OUTBOUND t TipsBusiness
                FILTER b.name == ""Cafe Zinho""
                RETURN t.likes
)

RETURN SUM(likes)
",3.769935131072998,,True,,,True,,True,,True,,1.0,1.0,True,correct
Q032,How many tips has Michelle written in 2014,medium,graph_count,,,DeepSeek-Coder,deepseek-coder:6.7b,"LET tips = (
    FOR u IN Users
        FILTER u.name == ""Michelle""
        FOR t IN 1..1 OUTBOUND u WritesTip
            FILTER t.year == 2014
            RETURN DISTINCT t._id
)
RETURN LENGTH(tips)","
LET tips = (
    FOR u IN Users
        FILTER u.name == ""Michelle""

        FOR t IN 1..1 OUTBOUND u WritesTip
            FILTER t.year == 2014
            RETURN DISTINCT t._id
)

RETURN LENGTH(tips)
",3.3368706703186035,,True,,,True,,True,,True,,1.0,1.0,True,correct
Q033,How many tips has Michelle written in April,medium,graph_count,,,DeepSeek-Coder,deepseek-coder:6.7b,"LET tips = (
    FOR u IN Users
        FILTER u.name == ""Michelle""
        FOR t IN 1..1 OUTBOUND u WritesTip
            FILTER t.month == ""April""
            RETURN DISTINCT t._id
)

RETURN LENGTH(tips)","
LET tips = (
    FOR u IN Users
        FILTER u.name == ""Michelle""

        FOR t IN 1..1 OUTBOUND u WritesTip
            FILTER t.month == 4
                OR LOWER(TO_STRING(t.month)) == ""april""

            RETURN DISTINCT t._id
)

RETURN LENGTH(tips)
",3.002316474914551,,True,,,True,,True,,True,,1.0,1.0,True,correct
Q034,what is the number of restaurants in Texas,medium,graph_count,,,DeepSeek-Coder,deepseek-coder:6.7b,"RETURN LENGTH(
    FOR b IN Businesses
        FILTER b.state == ""Texas""
        LET categories = (
            FOR c IN 1..1 OUTBOUND b BusinessCategory
                RETURN c.category_name
        )
        FILTER ""Restaurants"" IN categories
        RETURN b._id
)","
LET restaurants = (
    FOR b IN Businesses
        FILTER b.state == ""Texas""

        FOR c IN 1..1 OUTBOUND b BusinessCategory
            FILTER c.category_name == ""Restaurants""
            RETURN DISTINCT b._id
)

RETURN LENGTH(restaurants)
",3.227588415145874,,True,,,True,,True,,True,,1.0,1.0,True,correct
Q035,which neighborhood has the most number of businesses in Madison,advanced,graph_group_sort,,,DeepSeek-Coder,deepseek-coder:6.7b,"LET neighborhoods = (
    FOR b IN Businesses
        FILTER b.city == ""Madison""

        FOR n IN 1..1 OUTBOUND b BusinessNeighborhood
            COLLECT n.neighborhood_name INTO grouped
            SORT grouped DESC
            LIMIT 1

            RETURN n.neighborhood_name
)

RETURN neighborhoods[0]","
FOR b IN Businesses
    FILTER b.city == ""Madison""

    FOR n IN 1..1 OUTBOUND b BusinessNeighborhood

        COLLECT neighborhood = n.neighborhood_name
        WITH COUNT INTO business_count

        SORT business_count DESC
        LIMIT 1

        RETURN {
            neighborhood: neighborhood,
            business_count: business_count
        }
",3.65885591506958,,True,,,True,,False,"[HTTP 400][ERR 1501] syntax error, unexpected '.', expecting assignment near '.neighborhood_name INTO grouped
...' at position 6:22",True,,1.0,,False,execution_error
Q036,List all the neighborhoods with Italian restaurants in Madison,advanced,multi_relation_graph,,,DeepSeek-Coder,deepseek-coder:6.7b,"FOR b IN Businesses
    FILTER b.city == ""Madison""
    LET categories = (
        FOR c IN 1..1 OUTBOUND b BusinessCategory
            RETURN c.category_name
    )
    FILTER ""Italian"" IN categories
    FILTER ""Restaurants"" IN categories
    FOR n IN 1..1 OUTBOUND b BusinessNeighborhood
        RETURN DISTINCT n.neighborhood_name","
FOR b IN Businesses
    FILTER b.city == ""Madison""

    LET categories = (
        FOR c IN 1..1 OUTBOUND b BusinessCategory
            RETURN c.category_name
    )

    FILTER ""Italian"" IN categories
    FILTER ""Restaurants"" IN categories

    FOR n IN 1..1 OUTBOUND b BusinessNeighborhood
        RETURN DISTINCT n.neighborhood_name
",4.09997034072876,,True,,No LIMIT detected. A LIMIT is recommended for queries that may return many documents.,True,,True,,True,,11.0,11.0,True,correct
Q037,List all the neighborhoods with Italian restaurants rated less than 2.5 in Madison,advanced,multi_relation_graph_filter,,,DeepSeek-Coder,deepseek-coder:6.7b,"FOR b IN Businesses
    FILTER b.city == ""Madison""
    LET categories = (
        FOR c IN 1..1 OUTBOUND b BusinessCategory
            RETURN c.category_name
    )
    FILTER ""Italian"" IN categories
    FILTER ""Restaurants"" IN categories
    FILTER b.rating < 2.5
    FOR n IN 1..1 OUTBOUND b BusinessNeighborhood
        RETURN DISTINCT n.neighborhood_name","
FOR b IN Businesses
    FILTER b.city == ""Madison""
    FILTER b.rating < 2.5

    LET categories = (
        FOR c IN 1..1 OUTBOUND b BusinessCategory
            RETURN c.category_name
    )

    FILTER ""Italian"" IN categories
    FILTER ""Restaurants"" IN categories

    FOR n IN 1..1 OUTBOUND b BusinessNeighborhood
        RETURN DISTINCT n.neighborhood_name
",4.401524066925049,,True,,No LIMIT detected. A LIMIT is recommended for queries that may return many documents.,True,,True,,True,,1.0,1.0,True,correct
Q038,Which neighborhood in Madison has the Italian restaurant with the highest stars,complex,multi_relation_graph_sort,,,DeepSeek-Coder,deepseek-coder:6.7b,"FOR b IN Businesses
    FILTER b.city == ""Madison""
    
    LET categories = (
        FOR c IN 1..1 OUTBOUND b BusinessCategory
            RETURN c.category_name
    )
    
    FILTER ""Italian"" IN categories
    FILTER ""Restaurants"" IN categories

    FOR n IN 1..1 OUTBOUND b BusinessNeighborhood
        RETURN {neighborhood: n.neighborhood_name, rating: b.rating}

    SORT rating DESC
    LIMIT 1","
FOR b IN Businesses
    FILTER b.city == ""Madison""

    LET categories = (
        FOR c IN 1..1 OUTBOUND b BusinessCategory
            RETURN c.category_name
    )

    FILTER ""Italian"" IN categories
    FILTER ""Restaurants"" IN categories

    FOR n IN 1..1 OUTBOUND b BusinessNeighborhood

        SORT b.rating DESC
        LIMIT 1

        RETURN {
            neighborhood: n.neighborhood_name,
            business: b.name,
            rating: b.rating
        }
",4.704136610031128,,True,,,True,,False,"[HTTP 400][ERR 1501] syntax error, unexpected SORT declaration, expecting end of query string near 'SORT rating DESC
    LIMIT 1' at position 15:5",True,,1.0,,False,execution_error
Q039,List all businesses with rating 3.5,simple,document_filter,,,DeepSeek-Coder,deepseek-coder:6.7b,"FOR b IN Businesses
    FILTER b.rating == 3.5
    RETURN {
        business_id: b.business_id,
        name: b.name,
        city: b.city,
        state: b.state,
        rating: b.rating
    }","
FOR b IN Businesses
    FILTER b.rating == 3.5

    RETURN {
        business_id: b.business_id,
        name: b.name,
        city: b.city,
        state: b.state,
        rating: b.rating
    }
",3.1819849014282227,,True,,No LIMIT detected. A LIMIT is recommended for queries that may return many documents.,True,,True,,True,,16624.0,16624.0,True,correct
Q040,find all the restaurants in Texas,medium,graph_filter,,,DeepSeek-Coder,deepseek-coder:6.7b,"FOR b IN Businesses
FILTER b.state == ""Texas""

LET categories = (
    FOR c IN 1..1 OUTBOUND b BusinessCategory
        RETURN c.category_name
)

FILTER ""Restaurants"" IN categories

RETURN {
    business_id: b.business_id,
    name: b.name,
    city: b.city,
    state: b.state,
    rating: b.rating
}","
FOR b IN Businesses
    FILTER b.state == ""Texas""

    FOR c IN 1..1 OUTBOUND b BusinessCategory
        FILTER c.category_name == ""Restaurants""

        RETURN DISTINCT {
            business_id: b.business_id,
            name: b.name,
            city: b.city,
            rating: b.rating
        }
",4.033758640289307,,True,,No LIMIT detected. A LIMIT is recommended for queries that may return many documents.,True,,True,,True,,1.0,1.0,False,semantic_result_mismatch
Q041,Find all the reviews for all pet groomers with more than 100 reviews,advanced,multi_hop_graph,,,DeepSeek-Coder,deepseek-coder:6.7b,"FOR b IN Businesses
    FILTER b.review_count > 100

    FOR c IN 1..1 OUTBOUND b BusinessCategory
        FILTER c.category_name == ""Pet Groomers""

        FOR r IN 1..1 OUTBOUND b ReviewsBusiness
            RETURN {
                business_id: b.business_id,
                review: r
            }","
FOR b IN Businesses
    FILTER b.review_count > 100

    FOR c IN 1..1 OUTBOUND b BusinessCategory
        FILTER c.category_name == ""Pet Groomers""

        FOR r IN 1..1 INBOUND b ReviewsBusiness
            RETURN DISTINCT {
                review_id: r.rid,
                business_id: b.business_id,
                business_name: b.name,
                rating: r.rating,
                text: r.text,
                year: r.year
            }
",3.625807523727417,,True,,No LIMIT detected. A LIMIT is recommended for queries that may return many documents.,True,,True,,True,,534.0,0.0,False,semantic_result_mismatch
Q042,Find all pet groomers which have more than 100 reviews,medium,graph_filter,,,DeepSeek-Coder,deepseek-coder:6.7b,"FOR b IN Businesses
    FILTER b.review_count > 100

    FOR c IN 1..1 OUTBOUND b BusinessCategory
        FILTER c.category_name == ""Pet Groomers""

        RETURN DISTINCT {
            business_id: b.business_id,
            business_name: b.name,
            review_count: b.review_count
        }","
FOR b IN Businesses
    FILTER b.review_count > 100

    FOR c IN 1..1 OUTBOUND b BusinessCategory
        FILTER c.category_name == ""Pet Groomers""

        RETURN DISTINCT {
            business_id: b.business_id,
            name: b.name,
            city: b.city,
            state: b.state,
            review_count: b.review_count,
            rating: b.rating
        }
",3.8797590732574463,,True,,No LIMIT detected. A LIMIT is recommended for queries that may return many documents.,True,,True,,True,,8.0,8.0,False,semantic_result_mismatch
Q043,Find all Chinese restaurants in Dallas with at least 4 stars,medium,graph_filter,,,DeepSeek-Coder,deepseek-coder:6.7b,"FOR b IN Businesses
    FILTER b.city == ""Dallas""
    LET categories = (
        FOR c IN 1..1 OUTBOUND b BusinessCategory
            RETURN c.category_name
    )
    FILTER ""Chinese"" IN categories
    FILTER ""Restaurants"" IN categories
    FILTER b.rating >= 4
    RETURN {
        business_id: b.business_id,
        name: b.name,
        rating: b.rating,
        review_count: b.review_count
    }","
FOR b IN Businesses
    FILTER b.city == ""Dallas""
    FILTER b.rating >= 4

    LET categories = (
        FOR c IN 1..1 OUTBOUND b BusinessCategory
            RETURN c.category_name
    )

    FILTER ""Chinese"" IN categories
    FILTER ""Restaurants"" IN categories

    RETURN {
        business_id: b.business_id,
        name: b.name,
        rating: b.rating
    }
",4.753567695617676,,True,,No LIMIT detected. A LIMIT is recommended for queries that may return many documents.,True,,True,,True,,0.0,0.0,True,correct
Q044,Find all Mexican restaurants in Dallas with a rating above 3.5,medium,graph_filter,,,DeepSeek-Coder,deepseek-coder:6.7b,"FOR b IN Businesses
    FILTER b.city == ""Dallas""

    LET categories = (
        FOR c IN 1..1 OUTBOUND b BusinessCategory
            RETURN c.category_name
    )

    FILTER ""Mexican"" IN categories
    FILTER ""Restaurants"" IN categories
    FILTER b.rating > 3.5

    RETURN {
        business_id: b.business_id,
        name: b.name,
        rating: b.rating
    }","
FOR b IN Businesses
    FILTER b.city == ""Dallas""
    FILTER b.rating > 3.5

    LET categories = (
        FOR c IN 1..1 OUTBOUND b BusinessCategory
            RETURN c.category_name
    )

    FILTER ""Mexican"" IN categories
    FILTER ""Restaurants"" IN categories

    RETURN {
        business_id: b.business_id,
        name: b.name,
        rating: b.rating
    }
",4.631091833114624,,True,,No LIMIT detected. A LIMIT is recommended for queries that may return many documents.,True,,True,,True,,0.0,0.0,True,correct
Q045,What are all the gyms in Los Angeles?,medium,graph_filter,,,DeepSeek-Coder,deepseek-coder:6.7b,"RETURN DISTINCT 
    FOR b IN Businesses
        FILTER b.city == ""Los Angeles""
        FOR c IN 1..1 OUTBOUND b BusinessCategory
            FILTER c.category_name == ""Gyms""
            RETURN {
                business_id: b.business_id,
                name: b.name,
                rating: b.rating
            }","
FOR b IN Businesses
    FILTER b.city == ""Los Angeles""

    FOR c IN 1..1 OUTBOUND b BusinessCategory
        FILTER c.category_name == ""Gyms""

        RETURN DISTINCT {
            business_id: b.business_id,
            name: b.name,
            rating: b.rating
        }
",3.7049927711486816,,True,,No LIMIT detected. A LIMIT is recommended for queries that may return many documents.,True,,False,"[HTTP 400][ERR 1501] cannot use DISTINCT modifier on top-level query element near 'DISTINCT 
    FOR b IN Businesse...' at position 1:8",True,,0.0,,False,execution_error
Q046,What is the number of dentists in Los Angeles?,medium,graph_count,,,DeepSeek-Coder,deepseek-coder:6.7b,"LET dentists = (
    FOR b IN Businesses
        FILTER b.city == ""Los Angeles""

        FOR c IN 1..1 OUTBOUND b BusinessCategory
            FILTER c.category_name == ""Dentists""

            RETURN DISTINCT b._id
)

RETURN LENGTH(dentists)","
LET dentists = (
    FOR b IN Businesses
        FILTER b.city == ""Los Angeles""

        FOR c IN 1..1 OUTBOUND b BusinessCategory
            FILTER c.category_name == ""Dentists""

            RETURN DISTINCT b._id
)

RETURN LENGTH(dentists)
",3.370917797088623,,True,,,True,,True,,True,,1.0,1.0,True,correct
Q047,How many dentists in Los Angeles have a rating above 4?,medium,graph_count,,,DeepSeek-Coder,deepseek-coder:6.7b,"LET dentists = (
    FOR b IN Businesses
        FILTER b.city == ""Los Angeles""

        FOR c IN 1..1 OUTBOUND b BusinessCategory
            FILTER c.category_name == ""Dentists""
            FILTER b.rating > 4

            RETURN DISTINCT b._id
)

RETURN LENGTH(dentists)","
LET dentists = (
    FOR b IN Businesses
        FILTER b.city == ""Los Angeles""
        FILTER b.rating > 4

        FOR c IN 1..1 OUTBOUND b BusinessCategory
            FILTER c.category_name == ""Dentists""

            RETURN DISTINCT b._id
)

RETURN LENGTH(dentists)
",3.7677392959594727,,True,,,True,,True,,True,,1.0,1.0,True,correct
Q048,Find all bars in Dallas,medium,graph_filter,,,DeepSeek-Coder,deepseek-coder:6.7b,"FOR b IN Businesses
    FILTER b.city == ""Dallas""
    FOR c IN 1..1 OUTBOUND b BusinessCategory
        FILTER c.category_name == ""Bars""
        RETURN DISTINCT b","
FOR b IN Businesses
    FILTER b.city == ""Dallas""

    FOR c IN 1..1 OUTBOUND b BusinessCategory
        FILTER c.category_name == ""Bars""

        RETURN DISTINCT {
            business_id: b.business_id,
            name: b.name,
            rating: b.rating
        }
",2.9452383518218994,,True,,No LIMIT detected. A LIMIT is recommended for queries that may return many documents.,True,,True,,True,,0.0,0.0,True,correct
Q049,Find all dance schools in Los Angeles,medium,graph_filter,,,DeepSeek-Coder,deepseek-coder:6.7b,"FOR b IN Businesses
    FILTER b.city == ""Los Angeles""

    FOR c IN 1..1 OUTBOUND b BusinessCategory
        FILTER c.category_name == ""Dance Schools""

        RETURN DISTINCT {
            business_id: b.business_id,
            name: b.name,
            rating: b.rating
        }","
FOR b IN Businesses
    FILTER b.city == ""Los Angeles""

    FOR c IN 1..1 OUTBOUND b BusinessCategory
        FILTER c.category_name == ""Dance Schools""

        RETURN DISTINCT {
            business_id: b.business_id,
            name: b.name,
            rating: b.rating
        }
",3.525625944137573,,True,,No LIMIT detected. A LIMIT is recommended for queries that may return many documents.,True,,True,,True,,0.0,0.0,True,correct
Q050,How many people reviewed the restaurant Texas de Brazil in Dallas Texas?,advanced,graph_count,,,DeepSeek-Coder,deepseek-coder:6.7b,"FOR b IN Businesses
    FILTER b.name == ""Texas de Brazil""
    FILTER b.city == ""Dallas""
    FILTER b.state == ""Texas""
    
    RETURN LENGTH(
        FOR r IN 1..1 OUTBOUND b ReviewsBusiness
            RETURN r
    )","
LET users = (
    FOR b IN Businesses
        FILTER b.name == ""Texas de Brazil""
        FILTER b.city == ""Dallas""
        FILTER b.state == ""Texas""

        FOR r IN 1..1 INBOUND b ReviewsBusiness
            FOR u IN 1..1 INBOUND r WritesReview
                RETURN DISTINCT u._id
)

RETURN LENGTH(users)
",3.4740982055664062,,True,,,True,,True,,True,,1.0,1.0,True,correct
Q051,How many people reviewed Bistro Di Napoli in 2015?,advanced,graph_count,,,DeepSeek-Coder,deepseek-coder:6.7b,"LET users = (
    FOR b IN Businesses
        FILTER b.name == ""Bistro Di Napoli""
        FILTER b.city == ""Dallas""
        FILTER b.state == ""Texas""

        FOR r IN 1..1 INBOUND b ReviewsBusiness
            FOR u IN 1..1 INBOUND r WritesReview
                RETURN DISTINCT u._id
)

RETURN LENGTH(users)","
LET reviews = (
    FOR b IN Businesses
        FILTER b.name == ""Bistro Di Napoli""

        FOR r IN 1..1 INBOUND b ReviewsBusiness
            FILTER r.year == 2015
            RETURN DISTINCT r._id
)

RETURN LENGTH(reviews)
",4.014097690582275,,True,,,True,,True,,True,,1.0,1.0,True,correct
Q052,Find all restaurants in Los Angeles with more than 100 reviews,medium,graph_filter,,,DeepSeek-Coder,deepseek-coder:6.7b,"FOR b IN Businesses
    FILTER b.city == ""Los Angeles""
    FILTER b.review_count > 100
    RETURN {
        business_id: b.business_id,
        name: b.name,
        review_count: b.review_count
    }","
FOR b IN Businesses
    FILTER b.city == ""Los Angeles""
    FILTER b.review_count > 100

    FOR c IN 1..1 OUTBOUND b BusinessCategory
        FILTER c.category_name == ""Restaurants""

        RETURN DISTINCT {
            business_id: b.business_id,
            name: b.name,
            rating: b.rating,
            review_count: b.review_count
        }
",3.5935170650482178,,True,,No LIMIT detected. A LIMIT is recommended for queries that may return many documents.,True,,True,,True,,0.0,0.0,True,correct
Q053,How many restaurants are there in the Hazelwood district of Dallas?,advanced,multi_relation_graph_count,,,DeepSeek-Coder,deepseek-coder:6.7b,"LET businesses = (
    FOR b IN Businesses
        FILTER b.city == ""Dallas""

        FOR n IN 1..1 OUTBOUND b BusinessNeighborhood
            FILTER n.neighborhood_name == ""Hazelwood""

            RETURN DISTINCT b._id
)

RETURN LENGTH(businesses)","
LET restaurants = (
    FOR b IN Businesses
        FILTER b.city == ""Dallas""

        LET categories = (
            FOR c IN 1..1 OUTBOUND b BusinessCategory
                RETURN c.category_name
        )

        FILTER ""Restaurants"" IN categories

        FOR n IN 1..1 OUTBOUND b BusinessNeighborhood
            FILTER n.neighborhood_name == ""Hazelwood""

            RETURN DISTINCT b._id
)

RETURN LENGTH(restaurants)
",10.834550619125366,,True,,,True,,True,,True,,1.0,1.0,True,correct
Q054,Find all hotels in Dallas with at least 50 reviews,medium,graph_filter,,,DeepSeek-Coder,deepseek-coder:6.7b,"FOR b IN Businesses
    FILTER b.city == ""Dallas""
    FILTER b.review_count >= 50
    FOR c IN 1..1 OUTBOUND b BusinessCategory
        FILTER c.category_name == ""Hotels""
        RETURN DISTINCT {
            business_id: b.business_id,
            name: b.name,
            review_count: b.review_count
        }","
FOR b IN Businesses
    FILTER b.city == ""Dallas""
    FILTER b.review_count >= 50

    FOR c IN 1..1 OUTBOUND b BusinessCategory
        FILTER c.category_name == ""Hotels""

        RETURN DISTINCT {
            business_id: b.business_id,
            name: b.name,
            rating: b.rating,
            review_count: b.review_count
        }
",3.982003688812256,,True,,No LIMIT detected. A LIMIT is recommended for queries that may return many documents.,True,,True,,True,,0.0,0.0,True,correct
Q055,Find all users who reviewed restaurant Mesa Grill,advanced,multi_hop_graph,,,DeepSeek-Coder,deepseek-coder:6.7b,"FOR b IN Businesses
    FILTER b.name == ""Mesa Grill""
    FOR r IN 1..1 INBOUND b ReviewsBusiness
        FOR u IN 1..1 INBOUND r WritesReview
            RETURN DISTINCT {
                user_id: u.user_id,
                name: u.name
            }","
FOR b IN Businesses
    FILTER b.name == ""Mesa Grill""

    FOR r IN 1..1 INBOUND b ReviewsBusiness
        FOR u IN 1..1 INBOUND r WritesReview

            RETURN DISTINCT {
                user_id: u.user_id,
                name: u.name
            }
",3.5918991565704346,,True,,No LIMIT detected. A LIMIT is recommended for queries that may return many documents.,True,,True,,True,,2323.0,2323.0,True,correct
Q056,How many Starbucks are there in Dallas Texas?,simple,document_count,,,DeepSeek-Coder,deepseek-coder:6.7b,"LET starbucks = (
    FOR b IN Businesses
        FILTER b.city == ""Dallas"" && b.state == ""Texas""

        LET categories = (
            FOR c IN 1..1 OUTBOUND b BusinessCategory
                RETURN c.category_name
        )

        FILTER ""Starbucks"" IN categories

        RETURN DISTINCT b._id
)

RETURN LENGTH(starbucks)","
RETURN LENGTH(
    FOR b IN Businesses
        FILTER b.name == ""Starbucks""
        FILTER b.city == ""Dallas""
        FILTER b.state == ""Texas""
        RETURN b._id
)
",4.060899496078491,,True,,,True,,True,,True,,1.0,1.0,True,correct
Q057,How many reviews does Acacia Cafe have?,advanced,graph_count,,,DeepSeek-Coder,deepseek-coder:6.7b,"FOR b IN Businesses
    FILTER b.name == ""Acacia Cafe""
    RETURN b.review_count","
LET reviews = (
    FOR b IN Businesses
        FILTER b.name == ""Acacia Cafe""

        FOR r IN 1..1 INBOUND b ReviewsBusiness
            RETURN DISTINCT r._id
)

RETURN LENGTH(reviews)
",2.392979860305786,,True,,No LIMIT detected. A LIMIT is recommended for queries that may return many documents.,True,,True,,True,,1.0,1.0,False,semantic_result_mismatch
Q058,Find all restaurants with valet service in Dallas Texas,advanced,category_filter,,,DeepSeek-Coder,deepseek-coder:6.7b,"FOR b IN Businesses
    FILTER b.city == ""Dallas"" && b.state == ""Texas""
    
    FOR c IN 1..1 OUTBOUND b BusinessCategory
        FILTER c.category_name == ""Restaurants""
        
        FOR v IN 1..1 OUTBOUND c BusinessCategory
            FILTER v.category_name == ""Valet Service""
            
            RETURN DISTINCT {
                business_id: b.business_id,
                name: b.name,
                city: b.city,
                state: b.state
            }","
FOR b IN Businesses
    FILTER b.city == ""Dallas""
    FILTER b.state == ""Texas""

    LET categories = (
        FOR c IN 1..1 OUTBOUND b BusinessCategory
            RETURN c.category_name
    )

    FILTER ""Restaurants"" IN categories
    FILTER ""Valet Services"" IN categories

    RETURN {
        business_id: b.business_id,
        name: b.name,
        rating: b.rating
    }
",4.668965101242065,,True,,No LIMIT detected. A LIMIT is recommended for queries that may return many documents.,True,,True,,True,,0.0,0.0,True,correct
Q059,List the addresses of all Walmarts in Los Angeles,simple,document_filter,,,DeepSeek-Coder,deepseek-coder:6.7b,"RETURN DISTINCT 
    b.full_address
FOR b IN Businesses
    FILTER b.city == ""Los Angeles""
    FILTER CONTAINS(LOWER(b.name), ""walmart"")
    FOR c IN 1..1 OUTBOUND b BusinessCategory
        FILTER c.category_name == ""Walmarts""
        RETURN DISTINCT b.full_address","
FOR b IN Businesses
    FILTER b.name == ""Walmart""
    FILTER b.city == ""Los Angeles""

    RETURN DISTINCT b.full_address
",3.850097417831421,,True,,No LIMIT detected. A LIMIT is recommended for queries that may return many documents.,False,full_address,False,Blocked by PrivacyFilter,True,,0.0,,False,privacy_blocked
Q060,Find all restaurants reviewed by Patrick in Los Angeles,complex,multi_hop_graph_filter,,,DeepSeek-Coder,deepseek-coder:6.7b,"FOR u IN Users
    FILTER u.name == ""Patrick""

    FOR r IN 1..1 OUTBOUND u WritesReview
        FOR b IN 1..1 OUTBOUND r ReviewsBusiness
            FILTER b.city == ""Los Angeles""

            LET categories = (
                FOR c IN 1..1 OUTBOUND b BusinessCategory
                    RETURN c.category_name
            )

            FILTER ""Restaurants"" IN categories

            RETURN DISTINCT {
                business_id: b.business_id,
                name: b.name,
                rating: b.rating
            }","
FOR u IN Users
    FILTER u.name == ""Patrick""

    FOR r IN 1..1 OUTBOUND u WritesReview
        FOR b IN 1..1 OUTBOUND r ReviewsBusiness

            FILTER b.city == ""Los Angeles""

            FOR c IN 1..1 OUTBOUND b BusinessCategory
                FILTER c.category_name == ""Restaurants""

                RETURN DISTINCT {
                    business_id: b.business_id,
                    name: b.name,
                    rating: b.rating
                }
",5.157454252243042,,True,,No LIMIT detected. A LIMIT is recommended for queries that may return many documents.,True,,True,,True,,0.0,0.0,True,correct
Q061,Find all Italian restaurants in the Meadowood neighborhood of Madison,advanced,multi_relation_graph_filter,,,DeepSeek-Coder,deepseek-coder:6.7b,"FOR b IN Businesses
    FILTER b.city == ""Madison""

    LET categories = (
        FOR c IN 1..1 OUTBOUND b BusinessCategory
            RETURN c.category_name
    )

    FILTER ""Italian"" IN categories

    FOR n IN 1..1 OUTBOUND b BusinessNeighborhood
        FILTER n.neighborhood_name == ""Meadowood""

        RETURN {
            business: b.name,
            neighborhood: n.neighborhood_name
        }","
FOR b IN Businesses
    FILTER b.city == ""Madison""

    LET categories = (
        FOR c IN 1..1 OUTBOUND b BusinessCategory
            RETURN c.category_name
    )

    FILTER ""Italian"" IN categories
    FILTER ""Restaurants"" IN categories

    FOR n IN 1..1 OUTBOUND b BusinessNeighborhood
        FILTER n.neighborhood_name == ""Meadowood""

        RETURN DISTINCT {
            business_id: b.business_id,
            name: b.name,
            rating: b.rating
        }
",4.701930999755859,,True,,No LIMIT detected. A LIMIT is recommended for queries that may return many documents.,True,,True,,True,,0.0,0.0,True,correct
Q062,Find all bars reviewed by Patrick,complex,multi_hop_graph_filter,,,DeepSeek-Coder,deepseek-coder:6.7b,"FOR u IN Users
    FILTER u.name == ""Patrick""

    FOR r IN 1..1 OUTBOUND u WritesReview
        FOR b IN 1..1 OUTBOUND r ReviewsBusiness
            FOR c IN 1..1 OUTBOUND b BusinessCategory
                FILTER c.category_name == ""Bars""
                RETURN DISTINCT {
                    business_id: b.business_id,
                    name: b.name,
                    city: b.city,
                    state: b.state,
                    rating: b.rating
                }","
FOR u IN Users
    FILTER u.name == ""Patrick""

    FOR r IN 1..1 OUTBOUND u WritesReview
        FOR b IN 1..1 OUTBOUND r ReviewsBusiness

            FOR c IN 1..1 OUTBOUND b BusinessCategory
                FILTER c.category_name == ""Bars""

                RETURN DISTINCT {
                    business_id: b.business_id,
                    name: b.name,
                    city: b.city,
                    state: b.state,
                    rating: b.rating
                }
",4.779443979263306,,True,,No LIMIT detected. A LIMIT is recommended for queries that may return many documents.,True,,True,,True,,253.0,253.0,True,correct
Q063,Find all bars reviewed by Patrick with at least 3 stars,complex,multi_hop_graph_filter,,,DeepSeek-Coder,deepseek-coder:6.7b,"FOR u IN Users
    FILTER u.name == ""Patrick""

    FOR r IN 1..1 OUTBOUND u WritesReview
        FILTER r.rating >= 3

        FOR b IN 1..1 OUTBOUND r ReviewsBusiness

            FOR c IN 1..1 OUTBOUND b BusinessCategory
                FILTER c.category_name == ""Bars""

                RETURN DISTINCT {
                    business_id: b.business_id,
                    name: b.name,
                    rating: b.rating,
                    review_count: b.review_count
                }","
FOR u IN Users
    FILTER u.name == ""Patrick""

    FOR r IN 1..1 OUTBOUND u WritesReview
        FOR b IN 1..1 OUTBOUND r ReviewsBusiness

            FILTER b.rating >= 3

            FOR c IN 1..1 OUTBOUND b BusinessCategory
                FILTER c.category_name == ""Bars""

                RETURN DISTINCT {
                    business_id: b.business_id,
                    name: b.name,
                    city: b.city,
                    state: b.state,
                    rating: b.rating
                }
",4.983039855957031,,True,,No LIMIT detected. A LIMIT is recommended for queries that may return many documents.,True,,True,,True,,236.0,211.0,False,semantic_result_mismatch
Q064,Find all bars in Los Angeles with at least 30 reviews,medium,graph_filter,,,DeepSeek-Coder,deepseek-coder:6.7b,"FOR b IN Businesses
    FILTER b.city == ""Los Angeles""
    FILTER b.review_count >= 30

    FOR c IN 1..1 OUTBOUND b BusinessCategory
        FILTER c.category_name == ""Bars""

        RETURN DISTINCT {
            business_id: b.business_id,
            name: b.name,
            rating: b.rating,
            review_count: b.review_count
         }","
FOR b IN Businesses
    FILTER b.city == ""Los Angeles""
    FILTER b.review_count >= 30

    FOR c IN 1..1 OUTBOUND b BusinessCategory
        FILTER c.category_name == ""Bars""

        RETURN DISTINCT {
            business_id: b.business_id,
            name: b.name,
            rating: b.rating,
            review_count: b.review_count
        }
",4.286705732345581,,True,,No LIMIT detected. A LIMIT is recommended for queries that may return many documents.,True,,True,,True,,0.0,0.0,True,correct
Q065,Find all bars in Los Angeles with at least 30 reviews and average rating above 3 stars,medium,graph_filter,,,DeepSeek-Coder,deepseek-coder:6.7b,"FOR b IN Businesses
    FILTER b.city == ""Los Angeles""
    FILTER b.review_count >= 30

    FOR c IN 1..1 OUTBOUND b BusinessCategory
        FILTER c.category_name == ""Bars""

        LET reviews = (
            FOR r IN 1..1 OUTBOUND b ReviewsBusiness
                RETURN r.rating
        )

        RETURN DISTINCT {
            business_id: b.business_id,
            name: b.name,
            rating: b.rating,
            review_count: b.review_count,
            average_rating: AVG(reviews)
        }","
FOR b IN Businesses
    FILTER b.city == ""Los Angeles""
    FILTER b.review_count >= 30
    FILTER b.rating > 3

    FOR c IN 1..1 OUTBOUND b BusinessCategory
        FILTER c.category_name == ""Bars""

        RETURN DISTINCT {
            business_id: b.business_id,
            name: b.name,
            rating: b.rating,
            review_count: b.review_count
        }
",5.333948135375977,,True,,No LIMIT detected. A LIMIT is recommended for queries that may return many documents.,True,,True,,True,,0.0,0.0,True,correct
Q066,How many Egyptian restaurants are there in Edinburgh?,medium,graph_count,,,DeepSeek-Coder,deepseek-coder:6.7b,"LET businesses = (
    FOR b IN Businesses
        FILTER b.city == ""Edinburgh""

        LET categories = (
            FOR c IN 1..1 OUTBOUND b BusinessCategory
                RETURN c.category_name
        )

        FILTER ""Egyptian"" IN categories

        RETURN DISTINCT b._id
)

RETURN LENGTH(businesses)","
LET restaurants = (
    FOR b IN Businesses
        FILTER b.city == ""Edinburgh""

        LET categories = (
            FOR c IN 1..1 OUTBOUND b BusinessCategory
                RETURN c.category_name
        )

        FILTER ""Egyptian"" IN categories
        FILTER ""Restaurants"" IN categories

        RETURN DISTINCT b._id
)

RETURN LENGTH(restaurants)
",3.812033176422119,,True,,,True,,True,,True,,1.0,1.0,True,correct
Q067,Find the average number of checkins in restaurant Barrio Café per day,advanced,graph_group_aggregation,,,DeepSeek-Coder,deepseek-coder:6.7b,"FOR b IN Businesses
    FILTER b.name == ""Barrio Café""
    FILTER b.is_open
    
    COLLECT day = ch.day
    AGGREGATE total_checkins = SUM(ch.count)
    
    SORT day
    
    RETURN {
        day: day,
        average_checkins: total_checkins / 7
    }","
FOR b IN Businesses
    FILTER b.name IN [""Barrio Café"", ""Barrio Cafe""]

    FOR ch IN 1..1 OUTBOUND b BusinessCheckin

        COLLECT day = ch.day
        AGGREGATE total_checkins = SUM(ch.count)

        COLLECT AGGREGATE average_checkins = AVERAGE(total_checkins)

        RETURN average_checkins
",3.719740629196167,,True,,No LIMIT detected. A LIMIT is recommended for queries that may return many documents.,True,,False,[HTTP 404][ERR 1203] collection or view not found: ch,True,,1.0,,False,execution_error
Q068,Which Indian restaurant in Dallas has the highest rating?,advanced,graph_filter_sort_limit,,,DeepSeek-Coder,deepseek-coder:6.7b,"FOR b IN Businesses
    FILTER b.city == ""Dallas""

    LET categories = (
        FOR c IN 1..1 OUTBOUND b BusinessCategory
            RETURN c.category_name
    )

    FILTER ""Indian"" IN categories
    FILTER ""Restaurants"" IN categories

    SORT b.rating DESC
    LIMIT 1

    RETURN {
        business_id: b.business_id,
        name: b.name,
        rating: b.rating,
        review_count: b.review_count
    }","
FOR b IN Businesses
    FILTER b.city == ""Dallas""

    LET categories = (
        FOR c IN 1..1 OUTBOUND b BusinessCategory
            RETURN c.category_name
    )

    FILTER ""Indian"" IN categories
    FILTER ""Restaurants"" IN categories

    SORT b.rating DESC
    LIMIT 1

    RETURN {
        business_id: b.business_id,
        name: b.name,
        rating: b.rating,
        review_count: b.review_count
    }
",4.987879276275635,,True,,,True,,True,,True,,0.0,0.0,True,correct
Q069,Which restaurants in Dallas were reviewed by user Patrick?,complex,multi_hop_graph_filter,,,DeepSeek-Coder,deepseek-coder:6.7b,"FOR u IN Users
    FILTER u.name == ""Patrick""

    FOR r IN 1..1 OUTBOUND u WritesReview
        FOR b IN 1..1 OUTBOUND r ReviewsBusiness
            FILTER b.city == ""Dallas""

            FOR c IN 1..1 OUTBOUND b BusinessCategory
                FILTER c.category_name == ""Restaurants""

                RETURN DISTINCT {
                    business_id: b.business_id,
                    name: b.name,
                    rating: b.rating
                }","
FOR u IN Users
    FILTER u.name == ""Patrick""

    FOR r IN 1..1 OUTBOUND u WritesReview
        FOR b IN 1..1 OUTBOUND r ReviewsBusiness

            FILTER b.city == ""Dallas""

            LET categories = (
                FOR c IN 1..1 OUTBOUND b BusinessCategory
                    RETURN c.category_name
            )

            FILTER ""Restaurants"" IN categories

            RETURN DISTINCT {
                business_id: b.business_id,
                name: b.name,
                rating: b.rating
            }
",4.845949411392212,,True,,No LIMIT detected. A LIMIT is recommended for queries that may return many documents.,True,,True,,True,,0.0,0.0,True,correct
Q070,How many businesses are there in the Stone Meadows neighborhood in Madison?,medium,graph_count,,,DeepSeek-Coder,deepseek-coder:6.7b,"LET businesses = (
    FOR b IN Businesses
        FILTER b.city == ""Madison""
        FILTER b.name == ""Stone Meadows""

        FOR n IN 1..1 OUTBOUND b BusinessNeighborhood
            RETURN DISTINCT b._id
)

RETURN LENGTH(businesses)","
LET businesses = (
    FOR b IN Businesses
        FILTER b.city == ""Madison""

        FOR n IN 1..1 OUTBOUND b BusinessNeighborhood
            FILTER n.neighborhood_name == ""Stone Meadows""

            RETURN DISTINCT b._id
)

RETURN LENGTH(businesses)
",3.8376970291137695,,True,,,True,,True,,True,,1.0,1.0,False,semantic_result_mismatch
Q071,Find all users who have written tips for Barrio Café in 2015,complex,multi_hop_graph_filter,,,DeepSeek-Coder,deepseek-coder:6.7b,"FOR b IN Businesses
    FILTER b.name == ""Barrio Café""

    FOR t IN 1..1 INBOUND b TipsBusiness
        FILTER t.year == 2015

        FOR u IN 1..1 INBOUND t WritesTip
            RETURN DISTINCT {
                user_id: u.user_id,
                name: u.name
            }","
FOR b IN Businesses
    FILTER b.name IN [""Barrio Café"", ""Barrio Cafe""]

    FOR t IN 1..1 INBOUND b TipsBusiness
        FILTER t.year == 2015

        FOR u IN 1..1 INBOUND t WritesTip

            RETURN DISTINCT {
                user_id: u.user_id,
                name: u.name
            }
",3.689077138900757,,True,,No LIMIT detected. A LIMIT is recommended for queries that may return many documents.,True,,True,,True,,17.0,13.0,False,semantic_result_mismatch
Q072,Find all businesses in Texas with a rating below 2,simple,document_filter,,,DeepSeek-Coder,deepseek-coder:6.7b,"FOR b IN Businesses
    FILTER b.state == ""Texas""
    FILTER b.rating < 2
    RETURN DISTINCT {
        business_id: b.business_id,
        name: b.name,
        city: b.city,
        state: b.state,
        rating: b.rating
    }","
FOR b IN Businesses
    FILTER b.state == ""Texas""
    FILTER b.rating < 2

    RETURN {
        business_id: b.business_id,
        name: b.name,
        city: b.city,
        rating: b.rating
    }
",3.406646490097046,,True,,No LIMIT detected. A LIMIT is recommended for queries that may return many documents.,True,,True,,True,,0.0,0.0,True,correct
Q073,Find all restaurants that serve seafood in Los Angeles,medium,graph_filter,,,DeepSeek-Coder,deepseek-coder:6.7b,"FOR b IN Businesses
    FILTER b.city ​​== ""Los Angeles""
    
    LET categories = (
        FOR c IN 1..1 OUTBOUND b BusinessCategory
            RETURN c.category_name
    )

    FILTER ""Seafood"" IN categories
    FILTER ""Restaurants"" IN categories

    RETURN DISTINCT {
        business_id: b.business_id,
        name: b.name,
        city: b.city,
        rating: b.rating
    }","
FOR b IN Businesses
    FILTER b.city == ""Los Angeles""

    LET categories = (
        FOR c IN 1..1 OUTBOUND b BusinessCategory
            RETURN c.category_name
    )

    FILTER ""Seafood"" IN categories
    FILTER ""Restaurants"" IN categories

    RETURN {
        business_id: b.business_id,
        name: b.name,
        rating: b.rating
    }
",4.169394254684448,,True,,No LIMIT detected. A LIMIT is recommended for queries that may return many documents.,True,,False,"[HTTP 400][ERR 1501] syntax error, unexpected end of query string near '​​== ""Los Angeles""
    
    LET ...' at position 2:19",True,,0.0,,False,execution_error
Q074,Which Indian restaurant in Dallas has the most number of reviews?,advanced,graph_filter_sort_limit,,,DeepSeek-Coder,deepseek-coder:6.7b,"FOR b IN Businesses
    FILTER b.city == ""Dallas""

    LET categories = (
        FOR c IN 1..1 OUTBOUND b BusinessCategory
            RETURN c.category_name
    )

    FILTER ""Indian"" IN categories
    FILTER ""Restaurants"" IN categories

    SORT b.review_count DESC
    LIMIT 1

    RETURN {
        business_id: b.business_id,
        name: b.name,
        review_count: b.review_count
    }","
FOR b IN Businesses
    FILTER b.city == ""Dallas""

    LET categories = (
        FOR c IN 1..1 OUTBOUND b BusinessCategory
            RETURN c.category_name
    )

    FILTER ""Indian"" IN categories
    FILTER ""Restaurants"" IN categories

    SORT b.review_count DESC
    LIMIT 1

    RETURN {
        business_id: b.business_id,
        name: b.name,
        rating: b.rating,
        review_count: b.review_count
    }
",4.932789087295532,,True,,,True,,True,,True,,0.0,0.0,True,correct
Q075,Which Italian restaurant in Dallas has the highest rating?,advanced,graph_filter_sort_limit,,,DeepSeek-Coder,deepseek-coder:6.7b,"FOR b IN Businesses
    FILTER b.city == ""Dallas""
    LET categories = (
        FOR c IN 1..1 OUTBOUND b BusinessCategory
            FILTER c.category_name == ""Italian""
            RETURN c.category_name
    )
    FILTER ""Italian"" IN categories
    SORT b.rating DESC
    LIMIT 1
    RETURN {
        business_id: b.business_id,
        name: b.name,
        rating: b.rating,
        review_count: b.review_count
    }","
FOR b IN Businesses
    FILTER b.city == ""Dallas""

    LET categories = (
        FOR c IN 1..1 OUTBOUND b BusinessCategory
            RETURN c.category_name
    )

    FILTER ""Italian"" IN categories
    FILTER ""Restaurants"" IN categories

    SORT b.rating DESC
    LIMIT 1

    RETURN {
        business_id: b.business_id,
        name: b.name,
        rating: b.rating,
        review_count: b.review_count
    }
",4.913677453994751,,True,,,True,,True,,True,,0.0,0.0,True,correct
Q076,How many bars in Dallas have a rating above 3.5?,medium,graph_count,,,DeepSeek-Coder,deepseek-coder:6.7b,"FOR b IN Businesses
    FILTER b.city == ""Dallas""
    FILTER b.rating > 3.5
    FOR c IN 1..1 OUTBOUND b BusinessCategory
        FILTER c.category_name == ""Bars""
    RETURN COUNT(b)","
LET bars = (
    FOR b IN Businesses
        FILTER b.city == ""Dallas""
        FILTER b.rating > 3.5

        FOR c IN 1..1 OUTBOUND b BusinessCategory
            FILTER c.category_name == ""Bars""

            RETURN DISTINCT b._id
)

RETURN LENGTH(bars)
",3.602510929107666,,True,,,True,,True,,True,,1.0,0.0,False,semantic_result_mismatch
Q077,What is the number of businesses user Michelle reviews per month?,complex,graph_group_count,,,DeepSeek-Coder,deepseek-coder:6.7b,"LET businesses = (
    FOR u IN Users
        FILTER u.name == ""Michelle""
        FOR r IN 1..1 OUTBOUND u WritesReview
            COLLECT month = r.month, business_id = r.business_id
            RETURN {month, count: COUNT(DISTINCT business_id)}
)

RETURN businesses","
FOR u IN Users
    FILTER u.name == ""Michelle""

    FOR r IN 1..1 OUTBOUND u WritesReview

        COLLECT month = r.month
        AGGREGATE business_count = COUNT_DISTINCT(r.business_id)

        SORT month ASC

        RETURN {
            month: month,
            business_count: business_count
        }
",3.526754140853882,,True,,No LIMIT detected. A LIMIT is recommended for queries that may return many documents.,True,,False,"[HTTP 400][ERR 1501] syntax error, unexpected DISTINCT modifier near 'DISTINCT business_id)}
)

RETURN...' at position 6:41",True,,12.0,,False,execution_error
Q078,Find all pet hospices in Pittsburgh,medium,graph_filter,,,DeepSeek-Coder,deepseek-coder:6.7b,"FOR b IN Businesses
    FILTER b.city == ""Pittsburgh""

    FOR c IN 1..1 OUTBOUND b BusinessCategory
        FILTER c.category_name == ""Pet Hospitals""

        RETURN DISTINCT  {
            business_id: b.business_id,
            name: b.name,
            city: b.city,
            state: b.state,
            review_count: b.review_count,
            rating: b.rating
         }","
FOR b IN Businesses

    FOR c IN 1..1 OUTBOUND b BusinessCategory
        FILTER LOWER(c.category_name) IN [
            ""pet hospice"",
            ""pet hospices""
        ]

        FILTER b.city == ""Pittsburgh""

        RETURN DISTINCT {
            business_id: b.business_id,
            name: b.name,
            rating: b.rating
        }
",4.372379302978516,,True,,No LIMIT detected. A LIMIT is recommended for queries that may return many documents.,True,,True,,True,,0.0,0.0,True,correct
Q079,How many reviews has Adrienne written?,medium,graph_count,,,DeepSeek-Coder,deepseek-coder:6.7b,"LET reviews = (
    FOR u IN Users
        FILTER u.name == ""Adrienne""

        FOR r IN 1..1 OUTBOUND u WritesReview
            RETURN DISTINCT r._id
)

RETURN LENGTH(reviews)","
LET reviews = (
    FOR u IN Users
        FILTER u.name == ""Adrienne""

        FOR r IN 1..1 OUTBOUND u WritesReview
            RETURN DISTINCT r._id
)

RETURN LENGTH(reviews)
",3.142067670822144,,True,,,True,,True,,True,,1.0,1.0,True,correct
Q080,How many reviews has Michelle written in March 2014?,medium,graph_count,,,DeepSeek-Coder,deepseek-coder:6.7b,"LET reviews = (
    FOR u IN Users
        FILTER u.name == ""Michelle""

        FOR r IN 1..1 OUTBOUND u WritesReview
            FILTER r.month == 3 AND r.year == 2014
            RETURN DISTINCT r._id
)

RETURN LENGTH(reviews)","
LET reviews = (
    FOR u IN Users
        FILTER u.name == ""Michelle""

        FOR r IN 1..1 OUTBOUND u WritesReview
            FILTER r.year == 2014
            FILTER r.month == 3
                OR LOWER(TO_STRING(r.month)) == ""march""

            RETURN DISTINCT r._id
)

RETURN LENGTH(reviews)
",3.4446663856506348,,True,,,True,,True,,True,,1.0,1.0,False,semantic_result_mismatch
Q081,How many businesses has Michelle reviewed in 2010?,advanced,graph_count_distinct_businesses,,,DeepSeek-Coder,deepseek-coder:6.7b,"LET businesses = (
    FOR u IN Users
        FILTER u.name == ""Michelle""
        FOR r IN 1..1 OUTBOUND u WritesReview
            FILTER r.year == 2010
            FOR b IN 1..1 OUTBOUND r ReviewsBusiness
                RETURN DISTINCT b._id
)

RETURN LENGTH(businesses)","
LET businesses = (
    FOR u IN Users
        FILTER u.name == ""Michelle""

        FOR r IN 1..1 OUTBOUND u WritesReview
            FILTER r.year == 2010
            RETURN DISTINCT r.business_id
)

RETURN LENGTH(businesses)
",3.5662736892700195,,True,,,True,,True,,True,,1.0,1.0,True,correct
Q082,How many businesses in San Diego has Christine reviewed in 2010?,complex,multi_hop_graph_count,,,DeepSeek-Coder,deepseek-coder:6.7b,"LET businesses = (
    FOR u IN Users
        FILTER u.name == ""Christine""

        FOR r IN 1..1 OUTBOUND u WritesReview
            FILTER r.year == 2010

            FOR b IN 1..1 OUTBOUND r.business_id Businesses
                FILTER b.city == ""San Diego""
                RETURN DISTINCT b.business_id
)

RETURN LENGTH(businesses)","
LET businesses = (
    FOR u IN Users
        FILTER u.name == ""Christine""

        FOR r IN 1..1 OUTBOUND u WritesReview
            FILTER r.year == 2010

            FOR b IN 1..1 OUTBOUND r ReviewsBusiness
                FILTER b.city == ""San Diego""
                RETURN DISTINCT b._id
)

RETURN LENGTH(businesses)
",4.185034275054932,,True,,,True,,False,[HTTP 400][ERR 1218] collection type invalid for collection 'Businesses: expecting collection type 'edge',True,,1.0,,False,execution_error
Q083,Find all reviews by Patrick with a rating above 4,medium,graph_filter,,,DeepSeek-Coder,deepseek-coder:6.7b,"FOR u IN Users
    FILTER u.name == ""Patrick""
    FOR r IN 1..1 OUTBOUND u WritesReview
        FILTER r.rating > 4
        RETURN {
            review_id: r.rid,
            business_id: r.business_id,
            rating: r.rating,
            text: r.text
        }","
FOR u IN Users
    FILTER u.name == ""Patrick""

    FOR r IN 1..1 OUTBOUND u WritesReview
        FILTER r.rating > 4

        RETURN DISTINCT {
            review_id: r.rid,
            user_id: r.user_id,
            business_id: r.business_id,
            rating: r.rating,
            text: r.text,
            year: r.year
        }
",3.6028499603271484,,True,,No LIMIT detected. A LIMIT is recommended for queries that may return many documents.,False,text,False,Blocked by PrivacyFilter,True,,825.0,,False,privacy_blocked
Q084,Find all bistros in Pittsburgh,medium,graph_filter,,,DeepSeek-Coder,deepseek-coder:6.7b,"FOR b IN Businesses
    FILTER b.city À ""Pittsburgh""
    FOR c IN 1..1 OUTBOUND b BusinessCategory
        FILTER c.category_name == ""Bistros""
        RETURN DISTINCT {
            business_id: b.business_id,
            name: b.name,
            rating: b.rating
        }","
FOR b IN Businesses
    FILTER b.city == ""Pittsburgh""

    FOR c IN 1..1 OUTBOUND b BusinessCategory
        FILTER c.category_name == ""Bistros""

        RETURN DISTINCT {
            business_id: b.business_id,
            name: b.name,
            rating: b.rating
        }
",3.56376051902771,,True,,No LIMIT detected. A LIMIT is recommended for queries that may return many documents.,True,,False,"[HTTP 400][ERR 1501] syntax error, unexpected end of query string near 'À ""Pittsburgh""
    FOR c IN 1..1...' at position 2:19",True,,0.0,,False,execution_error
Q085,Find all bakeries in Los Angeles,medium,graph_filter,,,DeepSeek-Coder,deepseek-coder:6.7b,"FOR b IN Businesses
    FILTER b.city == ""Los Angeles""
    FOR c IN 1..1 OUTBOUND b BusinessCategory
        FILTER c.category_name == ""Bakeries""
        RETURN DISTINCT {
            business_id: b.business_id,
            name: b.name,
            rating: b.rating
        }","
FOR b IN Businesses
    FILTER b.city == ""Los Angeles""

    FOR c IN 1..1 OUTBOUND b BusinessCategory
        FILTER c.category_name == ""Bakeries""

        RETURN DISTINCT {
            business_id: b.business_id,
            name: b.name,
            rating: b.rating
        }
",3.4765608310699463,,True,,No LIMIT detected. A LIMIT is recommended for queries that may return many documents.,True,,True,,True,,0.0,0.0,True,correct
Q086,Find all Apple stores in Los Angeles,medium,document_filter,,,DeepSeek-Coder,deepseek-coder:6.7b,"FOR b IN Businesses
    FILTER b.name == ""Apple Store""
    FILTER b.city == ""Los Angeles""
    RETURN DISTINCT b.full_address","
FOR b IN Businesses
    FILTER b.city == ""Los Angeles""
    FILTER CONTAINS(LOWER(b.name), ""apple"")

    RETURN DISTINCT {
        business_id: b.business_id,
        name: b.name,
        full_address: b.full_address
    }
",2.557385206222534,,True,,No LIMIT detected. A LIMIT is recommended for queries that may return many documents.,False,full_address,False,Blocked by PrivacyFilter,True,,0.0,,False,privacy_blocked
Q087,How many Target are there in Los Angeles?,simple,document_count,,,DeepSeek-Coder,deepseek-coder:6.7b,"FOR b IN Businesses
    FILTER b.name == ""Target"" && b.city == ""Los Angeles""
    RETURN COUNT(b)","
RETURN LENGTH(
    FOR b IN Businesses
        FILTER b.city == ""Los Angeles""
        FILTER b.name == ""Target""
        RETURN b._id
)
",2.3207504749298096,,True,,,True,,True,,True,,1.0,0.0,False,semantic_result_mismatch
Q088,How many users have reviewed Irish pubs in Dallas?,complex,multi_hop_graph_count,,,DeepSeek-Coder,deepseek-coder:6.7b,"FOR b IN Businesses
    FILTER b.city == ""Dallas""
    LET categories = (
        FOR c IN 1..1 OUTBOUND b BusinessCategory
            FILTER c.category_name == ""Irish Pubs""
            RETURN c.category_name
    )
    FILTER ""Irish Pubs"" IN categories
    COLLECT user = r.user_id FOR r IN 1..1 OUTBOUND b ReviewsBusiness
    RETURN LENGTH(user)","
LET users = (
    FOR b IN Businesses
        FILTER b.city == ""Dallas""

        LET categories = (
            FOR c IN 1..1 OUTBOUND b BusinessCategory
                RETURN c.category_name
        )

        FILTER ""Irish Pub"" IN categories
            OR ""Irish Pubs"" IN categories

        FOR r IN 1..1 INBOUND b ReviewsBusiness
            FOR u IN 1..1 INBOUND r WritesReview
                RETURN DISTINCT u._id
)

RETURN LENGTH(users)
",4.3529980182647705,,False,Unknown attribute 'user_id' in collection 'Businesses'.,,True,,False,Rejected by validator,True,,1.0,,False,unknown_attribute
Q089,Find users whose average review rating is below 3,advanced,graph_group_aggregation,,,DeepSeek-Coder,deepseek-coder:6.7b,"LET ratings = (
    FOR u IN Users
        FOR r IN 1..1 OUTBOUND u WritesReview
            RETURN r.rating
)

FILTER AVERAGE(ratings) < 3

RETURN {
    user_id: u.user_id,
    name: u.name
}","
FOR u IN Users

    LET ratings = (
        FOR r IN 1..1 OUTBOUND u WritesReview
            RETURN r.rating
    )

    FILTER LENGTH(ratings) > 0

    LET avg_rating = AVERAGE(ratings)

    FILTER avg_rating < 3

    RETURN {
        user_id: u.user_id,
        name: u.name,
        average_rating: avg_rating
    }
",3.6207034587860103,,True,,No LIMIT detected. A LIMIT is recommended for queries that may return many documents.,True,,False,[HTTP 404][ERR 1203] collection or view not found: u,False,"HTTPConnectionPool(host='localhost', port=8529): Read timed out. (read timeout=60)",,,False,execution_error
Q090,Find all Dallas restaurants with a rating above 4.5,medium,graph_filter,,,DeepSeek-Coder,deepseek-coder:6.7b,"FOR b IN Businesses
    FILTER b.city == ""Dallas""
    FILTER b.rating > 4.5
    RETURN {
        business_id: b.business_id,
        name: b.name,
        rating: b.rating
    }","
FOR b IN Businesses
    FILTER b.city == ""Dallas""
    FILTER b.rating > 4.5

    FOR c IN 1..1 OUTBOUND b BusinessCategory
        FILTER c.category_name == ""Restaurants""

        RETURN DISTINCT {
            business_id: b.business_id,
            name: b.name,
            rating: b.rating
        }
",3.236047506332397,,True,,No LIMIT detected. A LIMIT is recommended for queries that may return many documents.,True,,True,,True,,0.0,0.0,True,correct
Q091,Find all breweries in Los Angeles,medium,graph_filter,,,DeepSeek-Coder,deepseek-coder:6.7b,"FOR b IN Businesses
    FILTER b.city == ""Los Angeles""
    FOR c IN 1..1 OUTBOUND b BusinessCategory
        FILTER c.category_name == ""Breweries""
        RETURN DISTINCT {
            business_id: b.business_id,
            name: b.name,
            rating: b.rating
        }","
FOR b IN Businesses
    FILTER b.city == ""Los Angeles""

    FOR c IN 1..1 OUTBOUND b BusinessCategory
        FILTER c.category_name == ""Breweries""

        RETURN DISTINCT {
            business_id: b.business_id,
            name: b.name,
            rating: b.rating
        }
",3.5794100761413574,,True,,No LIMIT detected. A LIMIT is recommended for queries that may return many documents.,True,,True,,True,,0.0,0.0,True,correct
Q092,What neighborhood is restaurant Flat Top Grill in?,medium,graph_lookup,,,DeepSeek-Coder,deepseek-coder:6.7b,"FOR b IN Businesses
    FILTER b.name == ""Flat Top Grill""
    FOR n IN 1..1 OUTBOUND b BusinessNeighborhood
        RETURN n.neighborhood_name","
FOR b IN Businesses
    FILTER b.name == ""Flat Top Grill""

    FOR n IN 1..1 OUTBOUND b BusinessNeighborhood
        RETURN DISTINCT n.neighborhood_name
",2.649779796600342,,True,,No LIMIT detected. A LIMIT is recommended for queries that may return many documents.,True,,True,,True,,0.0,0.0,True,correct
Q093,List all user ids with name Michelle,simple,document_filter,,,DeepSeek-Coder,deepseek-coder:6.7b,"RETURN LENGTH(
    FOR u IN Users
        FILTER u.name == ""Michelle""
        RETURN u._id
)","
FOR u IN Users
    FILTER u.name == ""Michelle""
    RETURN DISTINCT u.user_id
",2.558650255203247,,True,,,True,,True,,True,,3700.0,1.0,False,semantic_result_mismatch
Q094,Find all tips about Vintner Grill that received more than 9 likes,advanced,graph_filter,,,DeepSeek-Coder,deepseek-coder:6.7b,"LET tips = (
    FOR b IN Businesses
        FILTER b.name == ""Vintner Grill""

        FOR t IN 1..1 INBOUND b TipsBusiness
            FILTER t.likes > 9
            RETURN DISTINCT {
                tip_id: t.tip_id,
                user_id: t.user_id,
                likes: t.likes,
                text: t.text
            }
)

RETURN tips","
FOR b IN Businesses
    FILTER b.name == ""Vintner Grill""

    FOR t IN 1..1 INBOUND b TipsBusiness
        FILTER t.likes > 9

        RETURN DISTINCT {
            tip_id: t.tip_id,
            user_id: t.user_id,
            likes: t.likes,
            text: t.text,
            year: t.year
        }
",4.073400020599365,,True,,No LIMIT detected. A LIMIT is recommended for queries that may return many documents.,False,text,False,Blocked by PrivacyFilter,True,,0.0,,False,privacy_blocked
Q095,Find all reviews about Kabob Palace in year 2014,advanced,graph_filter,,,DeepSeek-Coder,deepseek-coder:6.7b,"LET reviews = (
    FOR b IN Businesses
        FILTER b.name == ""Kabob Palace"" AND b.year == 2014
        FOR r IN 1..1 INBOUND b ReviewsBusiness
            RETURN {
                user_id: r.user_id,
                rating: r.rating,
                text: r.text,
                month: r.month
            }
)

RETURN reviews","
FOR b IN Businesses
    FILTER b.name == ""Kabob Palace""

    FOR r IN 1..1 INBOUND b ReviewsBusiness
        FILTER r.year == 2014

        RETURN DISTINCT {
            review_id: r.rid,
            user_id: r.user_id,
            rating: r.rating,
            text: r.text
        }
",3.724594831466675,,False,Unknown attribute 'year' in collection 'Businesses'.,No LIMIT detected. A LIMIT is recommended for queries that may return many documents.,False,text,False,Blocked by PrivacyFilter,True,,0.0,,False,unknown_attribute
Q096,What is the average rating of reviews written in year 2014?,simple,document_aggregation,,,DeepSeek-Coder,deepseek-coder:6.7b,"LET reviews = (
    FOR r IN Reviews
        FILTER r.year == 2014
        RETURN r.rating
)

RETURN AVERAGE(reviews)","
LET ratings = (
    FOR r IN Reviews
        FILTER r.year == 2014
        RETURN r.rating
)

RETURN AVERAGE(ratings)
",2.548988580703736,,True,,No LIMIT detected. A LIMIT is recommended for queries that may return many documents.,True,,True,,True,,1.0,1.0,True,correct
Q097,How many people reviewed restaurant Vintner Grill in 2010?,advanced,graph_count,,,DeepSeek-Coder,deepseek-coder:6.7b,"LET users = (
    FOR b IN Businesses
        FILTER b.name == ""Vintner Grill""

        FOR r IN 1..1 INBOUND b ReviewsBusiness
            FILTER r.year == 2010

            FOR u IN 1..1 INBOUND r WritesReview
                RETURN DISTINCT u._id
)

RETURN LENGTH(users)","
LET reviews = (
    FOR b IN Businesses
        FILTER b.name == ""Vintner Grill""

        FOR r IN 1..1 INBOUND b ReviewsBusiness
            FILTER r.year == 2010
            RETURN DISTINCT r._id
)

RETURN LENGTH(reviews)
",3.771805286407471,,True,,,True,,True,,True,,1.0,1.0,False,semantic_result_mismatch
Q098,Find all users who have written tips about businesses in Dallas,complex,multi_hop_graph_filter,,,DeepSeek-Coder,deepseek-coder:6.7b,"FOR u IN 1..1 OUTBOUND uid WritesTip
    FILTER u.city == ""Dallas""
    RETURN DISTINCT {
        user_id: u.user_id,
        name: u.name
    }","
FOR b IN Businesses
    FILTER b.city == ""Dallas""

    FOR t IN 1..1 INBOUND b TipsBusiness
        FOR u IN 1..1 INBOUND t WritesTip

            RETURN DISTINCT {
                user_id: u.user_id,
                name: u.name
            }
",2.9100887775421143,,False,Unknown attribute 'city' in collection 'Tips'. | Unknown attribute 'name' in collection 'Tips'.,No LIMIT detected. A LIMIT is recommended for queries that may return many documents.,True,,False,Rejected by validator,True,,277.0,,False,unknown_attribute
Q099,Find all states in which there is a Whataburger,simple,document_projection,,,DeepSeek-Coder,deepseek-coder:6.7b,"FOR b IN Businesses
    FILTER b.name == ""Whataburger""
    RETURN DISTINCT b.state","
FOR b IN Businesses
    FILTER b.name == ""Whataburger""
    RETURN DISTINCT b.state
",2.381483793258667,,True,,No LIMIT detected. A LIMIT is recommended for queries that may return many documents.,True,,True,,True,,1.0,1.0,True,correct
Q100,Find all cities in which there is a restaurant callled MGM Grand Buffet,simple,document_projection,,,DeepSeek-Coder,deepseek-coder:6.7b,"FOR b IN Businesses
    FILTER b.name == ""MGM Grand Buffet""
    RETURN DISTINCT b.city","
FOR b IN Businesses
    FILTER b.name == ""MGM Grand Buffet""
    RETURN DISTINCT b.city
",1.8886611461639404,,True,,No LIMIT detected. A LIMIT is recommended for queries that may return many documents.,True,,True,,True,,1.0,1.0,True,correct
Q101,Find all cities in Texas in which there is a restaurant callled MGM Grand Buffet,simple,document_projection_filter,,,DeepSeek-Coder,deepseek-coder:6.7b,"FOR b IN Businesses
    FILTER b.name == ""MGM Grand Buffet"" AND b.state == ""Texas""
    RETURN DISTINCT b.city","
FOR b IN Businesses
    FILTER b.name == ""MGM Grand Buffet""
    FILTER b.state == ""Texas""
    RETURN DISTINCT b.city
",2.4178781509399414,,True,,No LIMIT detected. A LIMIT is recommended for queries that may return many documents.,True,,True,,True,,0.0,0.0,True,correct
Q102,Find the number of reviews on businesses located in South Summerlin neighborhood,advanced,multi_relation_graph_count,,,DeepSeek-Coder,deepseek-coder:6.7b,"FOR b IN Businesses
    FILTER b.city == ""South Summerlin""
    FOR n IN 1..1 OUTBOUND b BusinessNeighborhood
        FILTER n.neighborhood_name == ""South Summerlin""
        COLLECT neighborhood = n.neighborhood_name
        WITH COUNT INTO review_count
    RETURN review_count","
LET reviews = (
    FOR b IN Businesses

        FOR n IN 1..1 OUTBOUND b BusinessNeighborhood
            FILTER n.neighborhood_name == ""South Summerlin""

            FOR r IN 1..1 INBOUND b ReviewsBusiness
                RETURN DISTINCT r._id
)

RETURN LENGTH(reviews)
",3.3534529209136963,,True,,No LIMIT detected. A LIMIT is recommended for queries that may return many documents.,True,,True,,True,,1.0,0.0,False,semantic_result_mismatch
Q103,How many escape games are there in Madison?,medium,graph_count,,,DeepSeek-Coder,deepseek-coder:6.7b,"I'm sorry, but I can't help with that. As per the provided schema, I can't find any information about escape games. If you have information about escape games in the schema, please update the schema information and I can help you with the corresponding AQL query.","
LET businesses = (
    FOR b IN Businesses
        FILTER b.city == ""Madison""

        FOR c IN 1..1 OUTBOUND b BusinessCategory
            FILTER c.category_name IN [
                ""Escape Games"",
                ""Escape Game""
            ]

            RETURN DISTINCT b._id
)

RETURN LENGTH(businesses)
",3.113506555557251,,False,Forbidden operation(s): UPDATE,,True,,False,Rejected by validator,True,,1.0,,False,forbidden_operation
Q104,Find the users who have given tips on pet groomers,complex,multi_hop_graph,,,DeepSeek-Coder,deepseek-coder:6.7b,"FOR u IN 1..1 INBOUND ""Users"" WritesTip
    FOR t IN 1..1 INBOUND t TipsBusiness
        FOR b IN 1..1 INBOUND t BusinessCategory
            FILTER b.category_name == ""Pet Groomers""
            RETURN DISTINCT {
                user_id: u.user_id,
                name: u.name
            }","
FOR b IN Businesses

    FOR c IN 1..1 OUTBOUND b BusinessCategory
        FILTER c.category_name == ""Pet Groomers""

        FOR t IN 1..1 INBOUND b TipsBusiness
            FOR u IN 1..1 INBOUND t WritesTip

                RETURN DISTINCT {
                    user_id: u.user_id,
                    name: u.name
                }
",3.61869478225708,,False,Unknown attribute 'category_name' in collection 'Businesses'.,No LIMIT detected. A LIMIT is recommended for queries that may return many documents.,True,,False,Rejected by validator,True,,1095.0,,False,unknown_attribute
Q105,List all reviews for bistros with rating less than 1.5,complex,multi_hop_graph_filter,,,DeepSeek-Coder,deepseek-coder:6.7b,"FOR r IN Reviews
    FILTER r.rating < 1.5
    RETURN 
        {
            review_id: r.rid,
            user_id: r.user_id,
            business_id: r.business_id,
            rating: r.rating,
            text: r.text
        }","
FOR b IN Businesses
    FILTER b.rating < 1.5

    FOR c IN 1..1 OUTBOUND b BusinessCategory
        FILTER c.category_name == ""Bistros""

        FOR r IN 1..1 INBOUND b ReviewsBusiness

            RETURN DISTINCT {
                review_id: r.rid,
                user_id: r.user_id,
                business_id: r.business_id,
                rating: r.rating,
                text: r.text,
                year: r.year
            }
",3.289283275604248,,True,,No LIMIT detected. A LIMIT is recommended for queries that may return many documents.,False,text,False,Blocked by PrivacyFilter,True,,0.0,,False,privacy_blocked
Q106,Find the number of users called Michelle,simple,document_count,,,DeepSeek-Coder,deepseek-coder:6.7b,"FOR u IN Users
    FILTER u.name == ""Michelle""
    RETURN COUNT(u)","
RETURN LENGTH(
    FOR u IN Users
        FILTER u.name == ""Michelle""
        RETURN u._id
)
",2.235539197921753,,True,,,True,,True,,True,,1.0,3700.0,False,semantic_result_mismatch
Q107,Find the cities of businesses rated below 1.5,simple,document_projection,,,DeepSeek-Coder,deepseek-coder:6.7b,"FOR b IN Businesses
    FILTER b.rating < 1.5
    RETURN b.city","
FOR b IN Businesses
    FILTER b.rating < 1.5
    RETURN DISTINCT b.city
",2.129078865051269,,True,,No LIMIT detected. A LIMIT is recommended for queries that may return many documents.,True,,True,,True,,70.0,1072.0,False,semantic_result_mismatch
Q108,In which neighborhoods Michelle has reviewed a buissness?,complex,multi_hop_graph,,,DeepSeek-Coder,deepseek-coder:6.7b,"LET neighborhoods = (
    FOR u IN Users
        FILTER u.name == ""Michelle""

        FOR r IN 1..1 OUTBOUND u WritesReview
            FOR b IN 1..1 OUTBOUND r ReviewsBusiness
                FOR n IN 1..1 OUTBOUND b BusinessNeighborhood
                    RETURN DISTINCT n.neighborhood_name
)

RETURN neighborhoods","
FOR u IN Users
    FILTER u.name == ""Michelle""

    FOR r IN 1..1 OUTBOUND u WritesReview
        FOR b IN 1..1 OUTBOUND r ReviewsBusiness
            FOR n IN 1..1 OUTBOUND b BusinessNeighborhood

                RETURN DISTINCT n.neighborhood_name
",3.612173318862915,,True,,No LIMIT detected. A LIMIT is recommended for queries that may return many documents.,True,,True,,True,,95.0,1.0,False,semantic_result_mismatch
Q109,Find the business with the most number of reviews in April,advanced,graph_group_sort_limit,,,DeepSeek-Coder,deepseek-coder:6.7b,"FOR b IN Businesses
    FILTER b.is_open

    LET reviews = (
        FOR r IN 1..1 INBOUND b ReviewsBusiness
            FILTER r.month == ""April""
            RETURN r
    )

    SORT LENGTH(reviews) DESC
    LIMIT 1

    RETURN {
        business_id: b.business_id,
        name: b.name,
        review_count: LENGTH(reviews)
    }","
FOR r IN Reviews
    FILTER r.month == ""April""
        OR r.month == 4

    FOR b IN 1..1 OUTBOUND r ReviewsBusiness

        COLLECT business_key = b._id
        WITH COUNT INTO april_reviews

        SORT april_reviews DESC
        LIMIT 1

        LET business = DOCUMENT(business_key)

        RETURN {
            business_id: business.business_id,
            name: business.name,
            april_reviews: april_reviews
        }
",4.383860349655151,,True,,,True,,True,,True,,1.0,0.0,False,semantic_result_mismatch
Q110,"Find all tips for ""Cafe Zinho"" in Texas.",advanced,graph_filter,,,DeepSeek-Coder,deepseek-coder:6.7b,"FOR b IN Businesses
    FILTER b.name == ""Cafe Zinho"" && b.state == ""Texas""
    FOR t IN 1..1 INBOUND b TipsBusiness
        FOR u IN 1..1 INBOUND t WritesTip
            RETURN {
                tip_id: t.tip_id,
                user_id: u.user_id,
                likes: t.likes,
                text: t.text
            }","
FOR b IN Businesses
    FILTER b.name == ""Cafe Zinho""
    FILTER b.state == ""Texas""

    FOR t IN 1..1 INBOUND b TipsBusiness

        RETURN DISTINCT {
            tip_id: t.tip_id,
            user_id: t.user_id,
            likes: t.likes,
            text: t.text,
            year: t.year
        }
",3.9889609813690186,,True,,No LIMIT detected. A LIMIT is recommended for queries that may return many documents.,False,text,False,Blocked by PrivacyFilter,True,,0.0,,False,privacy_blocked
Q111,"Find all cities which has a ""Taj Mahal"".",simple,document_projection,,,DeepSeek-Coder,deepseek-coder:6.7b,"FOR b IN Businesses
    FILTER b.name == ""Taj Mahal""
    RETURN DISTINCT b.city","
FOR b IN Businesses
    FILTER b.name == ""Taj Mahal""
    RETURN DISTINCT b.city
",2.367933988571167,,True,,No LIMIT detected. A LIMIT is recommended for queries that may return many documents.,True,,True,,True,,1.0,1.0,True,correct
Q112,List all businesses that are restaurants in Pennsylvania.,medium,graph_filter,,,DeepSeek-Coder,deepseek-coder:6.7b,"FOR b IN Businesses
    FILTER b.state == ""Pennsylvania""
    LET categories = (
        FOR c IN 1..1 OUTBOUND b BusinessCategory
            RETURN c.category_name
    )
    FILTER ""Restaurants"" IN categories
    RETURN b","
FOR b IN Businesses
    FILTER b.state == ""Pennsylvania""

    FOR c IN 1..1 OUTBOUND b BusinessCategory
        FILTER c.category_name == ""Restaurants""

        RETURN DISTINCT {
            business_id: b.business_id,
            name: b.name,
            city: b.city,
            rating: b.rating
        }
",3.046689033508301,,True,,No LIMIT detected. A LIMIT is recommended for queries that may return many documents.,True,,True,,True,,1671.0,1671.0,False,semantic_result_mismatch
Q113,Return me the number of businesses that are restaurants.,medium,graph_count,,,DeepSeek-Coder,deepseek-coder:6.7b,"LET businesses = (
    FOR b IN Businesses
        FOR c IN 1..1 OUTBOUND b BusinessCategory
            FILTER c.category_name == ""Restaurants""
            RETURN DISTINCT b._id
)

RETURN LENGTH(businesses)","
LET businesses = (
    FOR b IN Businesses
        FOR c IN 1..1 OUTBOUND b BusinessCategory
            FILTER c.category_name == ""Restaurants""
            RETURN DISTINCT b._id
)

RETURN LENGTH(businesses)
",2.960423707962036,,True,,,True,,True,,True,,1.0,1.0,True,correct
Q114,List all users who reviewed businesses that are restaurants.,complex,multi_hop_graph,,,DeepSeek-Coder,deepseek-coder:6.7b,"FOR u IN Users
    FOR r IN 1..1 OUTBOUND u WritesReview
        FOR b IN 1..1 OUTBOUND r ReviewsBusiness
            FILTER EXISTS(
                FOR c IN 1..1 OUTBOUND b BusinessCategory
                    FILTER c.category_name == ""Restaurants""
            )
            RETURN DISTINCT u.user_id","
FOR c IN Categories
    FILTER c.category_name == ""Restaurants""

    FOR b IN 1..1 INBOUND c BusinessCategory

        FOR r IN 1..1 INBOUND b ReviewsBusiness

            FOR u IN 1..1 INBOUND r WritesReview

                COLLECT user_id = u.user_id, name = u.name

                RETURN {
                    user_id: user_id,
                    name: name
                }
",3.785842180252075,,True,,No LIMIT detected. A LIMIT is recommended for queries that may return many documents.,True,,False,"[HTTP 400][ERR 1501] syntax error, unexpected ) near ')
            RETURN DISTINCT u....' at position 7:13",False,"HTTPConnectionPool(host='localhost', port=8529): Read timed out. (read timeout=60)",,,False,execution_error
Q115,"Return me the number of cities that has ""Panda Express"".",simple,document_count_distinct,,,DeepSeek-Coder,deepseek-coder:6.7b,"FOR b IN Businesses
    FILTER b.name == ""Panda Express""
    RETURN DISTINCT b.city

Notice that this query will return a list of distinct cities that ""Panda Express"" is located in. To get the count of these cities, you may not use the LENGTH() function, but instead use COUNT() function in AQL to get the total number of these cities.

Final AQL:

FOR b IN Businesses
    FILTER b.name == ""Panda Express""
    RETURN COUNT(DISTINCT b.city)","
LET cities = (
    FOR b IN Businesses
        FILTER b.name == ""Panda Express""
        RETURN DISTINCT b.city
)

RETURN LENGTH(cities)
",4.548047065734863,,True,,,True,,False,"[HTTP 400][ERR 1501] syntax error, unexpected identifier, expecting end of query string near 'Notice that this query will retu...' at position 5:1",True,,1.0,,False,execution_error
Q116,"List all tips for ""Cafe Zinho"" in Pennsylvania in 2010.",advanced,graph_filter,,,DeepSeek-Coder,deepseek-coder:6.7b,"FOR b IN Businesses
    FILTER b.name == ""Cafe Zinho""
    FILTER b.state == ""Pennsylvania""

    FOR t IN 1..1 INBOUND b TipsBusiness
        FILTER t.year == 2010

        RETURN DISTINCT {
            tip_id: t.tip_id,
            user_id: t.user_id,
            likes: t.likes,
            text: t.text,
            year: t.year
        }","
FOR b IN Businesses
    FILTER b.name == ""Cafe Zinho""
    FILTER b.state == ""Pennsylvania""

    FOR t IN 1..1 INBOUND b TipsBusiness
        FILTER t.year == 2010

        RETURN DISTINCT {
            tip_id: t.tip_id,
            user_id: t.user_id,
            likes: t.likes,
            text: t.text
        }
",4.27398157119751,,True,,No LIMIT detected. A LIMIT is recommended for queries that may return many documents.,False,text,False,Blocked by PrivacyFilter,True,,0.0,,False,privacy_blocked
Q117,Return me the number of tips that are written by Michelle.,medium,graph_count,,,DeepSeek-Coder,deepseek-coder:6.7b,"RETURN LENGTH(
    FOR u IN Users
        FILTER u.name == ""Michelle""
        FOR t IN 1..1 OUTBOUND u WritesTip
            RETURN t._id
)","
LET tips = (
    FOR u IN Users
        FILTER u.name == ""Michelle""

        FOR t IN 1..1 OUTBOUND u WritesTip
            RETURN DISTINCT t._id
)

RETURN LENGTH(tips)
",2.808435678482056,,True,,,True,,True,,True,,1.0,1.0,True,correct
Q118,Return me the number of tips that are written by Michelle in 2010.,medium,graph_count,,,DeepSeek-Coder,deepseek-coder:6.7b,"LET tips = (
    FOR u IN Users
        FILTER u.name == ""Michelle""

        FOR t IN 1..1 OUTBOUND u WritesTip
            FILTER t.year == 2010
            RETURN DISTINCT t._id
)

RETURN LENGTH(tips)","
LET tips = (
    FOR u IN Users
        FILTER u.name == ""Michelle""

        FOR t IN 1..1 OUTBOUND u WritesTip
            FILTER t.year == 2010
            RETURN DISTINCT t._id
)

RETURN LENGTH(tips)
",3.041123390197754,,True,,,True,,True,,True,,1.0,1.0,True,correct
Q119,List all users who reviewed businesses that are restaurants in 2010.,complex,multi_hop_graph,,,DeepSeek-Coder,deepseek-coder:6.7b,"FOR u IN Users
    FOR r IN 1..1 OUTBOUND u WritesReview
        FILTER r.year == 2010
        FOR b IN 1..1 INBOUND r ReviewsBusiness
            FOR c IN 1..1 OUTBOUND b BusinessCategory
                FILTER c.category_name == ""Restaurants""
                RETURN {user_id: u.user_id, name: u.name}","
FOR b IN Businesses

    LET is_restaurant = LENGTH(
        FOR c IN 1..1 OUTBOUND b BusinessCategory
            FILTER c.category_name == ""Restaurants""
            LIMIT 1
            RETURN 1
    )

    FILTER is_restaurant > 0

    FOR r IN 1..1 INBOUND b ReviewsBusiness
        FILTER r.year == 2010

        FOR u IN 1..1 INBOUND r WritesReview

            RETURN DISTINCT {
                user_id: u.user_id,
                name: u.name
            }
",3.999892234802246,,True,,No LIMIT detected. A LIMIT is recommended for queries that may return many documents.,True,,False,"HTTPConnectionPool(host='localhost', port=8529): Read timed out. (read timeout=60)",False,"HTTPConnectionPool(host='localhost', port=8529): Read timed out. (read timeout=60)",,,False,execution_error
Q120,Find the total checkins in Brighton Heights neighborhood,advanced,graph_sum,,,DeepSeek-Coder,deepseek-coder:6.7b,"LET businesses = (
    FOR b IN Businesses
        FILTER b.city == ""Brighton Heights""

        FOR n IN 1..1 OUTBOUND b BusinessNeighborhood
            FILTER n.neighborhood_name == ""Brighton Heights""

            FOR ch IN 1..1 OUTBOUND b BusinessCheckin
                RETURN ch.count
)

RETURN SUM(businesses)","
LET values = (
    FOR b IN Businesses

        FOR n IN 1..1 OUTBOUND b BusinessNeighborhood
            FILTER n.neighborhood_name == ""Brighton Heights""

            FOR ch IN 1..1 OUTBOUND b BusinessCheckin
                RETURN ch.count
)

RETURN SUM(values)
",4.121664762496948,,True,,,True,,True,,True,,1.0,1.0,False,semantic_result_mismatch
Q121,Find the total checkins in Sundays,simple,document_sum,,,DeepSeek-Coder,deepseek-coder:6.7b,"LET values = (
    FOR b IN Businesses

        FOR ch IN 1..1 OUTBOUND b BusinessCheckin
            FILTER ch.day == ""Sunday""
            RETURN ch.count
)

RETURN SUM(values)","
LET values = (
    FOR ch IN Checkins
        FILTER ch.day == ""Sunday""
        RETURN ch.count
)

RETURN SUM(values)
",2.996190071105957,,True,,,True,,False,"HTTPConnectionPool(host='localhost', port=8529): Read timed out. (read timeout=60)",True,,1.0,,False,execution_error
Q122,Find all the tips from a user who has written a review in 2012,complex,multi_relation_graph,,,DeepSeek-Coder,deepseek-coder:6.7b,"LET user = (
    FOR u IN Users
        FILTER u.name == ""UserName""
        RETURN u.user_id
)

FOR v, e, p IN 1..1 INBOUND user WritesReview
    FILTER v.year == 2012
    FOR t IN 1..1 INBOUND v TipsBusiness
        RETURN DISTINCT  {
            tip_id: t.tip_id,
            text: t.text,
            user_id: u.user_id,
            likes: t.likes
        }","
LET users_2012 = (
    FOR r IN Reviews
        FILTER r.year == 2012

        FOR u IN 1..1 INBOUND r WritesReview
            COLLECT user_key = u._id
            RETURN user_key
)

FOR user_key IN users_2012

    FOR t IN 1..1 OUTBOUND user_key WritesTip

        COLLECT tip_key = t._id

        LET tip = DOCUMENT(tip_key)

        RETURN {
            tip_id: tip.tip_id,
            user_id: tip.user_id,
            business_id: tip.business_id,
            likes: tip.likes,
            text: tip.text,
            year: tip.year
        }
",4.558094263076782,,True,,No LIMIT detected. A LIMIT is recommended for queries that may return many documents.,False,text,False,Blocked by PrivacyFilter,False,"HTTPConnectionPool(host='localhost', port=8529): Read timed out. (read timeout=60)",,,False,privacy_blocked
Q123,Find the total number of reviews written in March,simple,document_count,,,DeepSeek-Coder,deepseek-coder:6.7b,"LET reviews = (
    FOR r IN Reviews
        FILTER r.month 3
        RETURN DISTINCT r._id
)

RETURN LENGTH(reviews)","
RETURN LENGTH(
    FOR r IN Reviews
        FILTER r.month == ""March""
            OR r.month == 3
        RETURN r._id
)
",2.6321141719818115,,True,,,True,,False,"[HTTP 400][ERR 1501] syntax error, unexpected integer number near '3
        RETURN DISTINCT r._id
...' at position 3:24",True,,1.0,,False,execution_error
Q124,Find the number of tips written in each month,medium,document_group_count,,,DeepSeek-Coder,deepseek-coder:6.7b,"RETURN LENGTH(
    FOR t IN Tips
        GROUP BY t.month
        RETURN 1
)","
FOR t IN Tips

    COLLECT month = t.month
    WITH COUNT INTO tip_count

    SORT month ASC

    RETURN {
        month: month,
        tip_count: tip_count
    }
",2.22615909576416,,True,,,True,,False,"[HTTP 400][ERR 1501] syntax error, unexpected '.' near '.month
        RETURN 1
)' at position 3:19",True,,12.0,,False,execution_error
Q125,How many neighborhoods have a business with rating 5 in Madison?,advanced,graph_count_distinct,,,DeepSeek-Coder,deepseek-coder:6.7b,"FOR b IN Businesses
    FILTER b.city == ""Madison""
    FILTER b.rating == 5
    FOR n IN 1..1 OUTBOUND b BusinessNeighborhood
        COLLECT neighborhood = n.neighborhood_name
        RETURN COUNT(DISTINCT neighborhood)","
LET neighborhoods = (
    FOR b IN Businesses
        FILTER b.city == ""Madison""
        FILTER b.rating == 5

        FOR n IN 1..1 OUTBOUND b BusinessNeighborhood
            RETURN DISTINCT n.neighborhood_name
)

RETURN LENGTH(neighborhoods)
",2.987126350402832,,True,,,True,,False,"[HTTP 400][ERR 1501] syntax error, unexpected DISTINCT modifier near 'DISTINCT neighborhood)' at position 6:22",True,,1.0,,False,execution_error
Q126,Find the business which has the most number of categories,advanced,graph_sort_limit,,,DeepSeek-Coder,deepseek-coder:6.7b,"LET businesses = (
    FOR b IN Businesses
        RETURN {
            business_id: b.business_id,
            name: b.name,
            categories: (
                FOR v, e, p IN 1..1 OUTBOUND b BusinessCategory
                    RETURN DISTINCT p.category_name
            )
        }
)

FOR b IN businesses
    SORT LENGTH(b.categories) DESC
    LIMIT 1
    RETURN b.business_id, b.name, LENGTH(b.categories)","
FOR b IN Businesses

    LET categories = UNIQUE(
        FOR c IN 1..1 OUTBOUND b BusinessCategory
            RETURN c.category_name
    )

    LET category_count = LENGTH(categories)

    SORT category_count DESC
    LIMIT 1

    RETURN {
        business_id: b.business_id,
        name: b.name,
        category_count: category_count,
        categories: categories
    }
",4.399439811706543,,False,Unknown collection(s): businesses | Unknown attribute 'categories' in collection 'Businesses'. | Unknown attribute 'categories' in collection 'Businesses'.,,True,,False,Rejected by validator,True,,1.0,,False,unknown_collection
Q127,List all the reviews which rated a business less than 1,simple,document_filter,,,DeepSeek-Coder,deepseek-coder:6.7b,"FOR r IN Reviews
    FILTER r.rating < 1
    RETURN {
        review_id: r.rid,
        business_id: r.business_id,
        user_id: r.user_id,
        rating: r.rating,
        text: r.text
    }","
FOR r IN Reviews
    FILTER r.rating < 1

    RETURN {
        review_id: r.rid,
        user_id: r.user_id,
        business_id: r.business_id,
        rating: r.rating,
        text: r.text
    }
",3.155120611190796,,True,,No LIMIT detected. A LIMIT is recommended for queries that may return many documents.,False,text,False,Blocked by PrivacyFilter,True,,0.0,,False,privacy_blocked
Q128,Find all reviews for businesses rated 2.5,advanced,graph_filter,,,DeepSeek-Coder,deepseek-coder:6.7b,"FOR r IN Reviews
    FILTER r.rating == 2.5
    RETURN {
        review_id: r.rid,
        user_id: r.user_id,
        business_id: r.business_id,
        rating: r.rating,
        text: r.text
    }","
FOR b IN Businesses
    FILTER b.rating == 2.5

    FOR r IN 1..1 INBOUND b ReviewsBusiness

        RETURN DISTINCT {
            review_id: r.rid,
            user_id: r.user_id,
            business_id: r.business_id,
            rating: r.rating,
            text: r.text,
            year: r.year
        }
",3.2434935569763184,,True,,No LIMIT detected. A LIMIT is recommended for queries that may return many documents.,False,text,False,Blocked by PrivacyFilter,True,,76407.0,,False,privacy_blocked
